Rk,Player,Age,Tm,Pos,GP,G,A,PTS,+/-,PIM,PS,EV,PP,SH,GW,EV,PP,SH,S,S%,TOI,ATOI,BLK,HIT,FOW,FOL,FO%,-9999
1,Connor McDavid,26,EDM,C,18,16,18,34,3,10,4.0,9,7,0,3,9,9,0,71,22.5,400,22:14,8,22,115,99,53.7,mcdavco01
2,Leon Draisaitl,27,EDM,C,18,10,20,30,4,10,3.1,4,6,0,3,11,8,1,58,17.2,397,22:04,17,9,214,182,54.0,draisle01
3,Erik Karlsson,32,SJS,D,20,11,17,28,2,6,4.6,10,1,0,3,12,5,0,62,17.7,506,25:17,19,9,0,0,,karlser01
4,Nikita Kucherov,29,TBL,RW,18,10,18,28,2,16,2.9,6,4,0,3,9,9,0,72,13.9,390,21:39,8,19,0,0,,kucheni01
5,David Pastrnak,26,BOS,RW,18,11,17,28,8,12,3.4,8,3,0,0,8,9,0,93,11.8,354,19:39,3,19,4,6,40.0,pastrda01
6,Jason Robertson,23,DAL,LW,18,12,15,27,11,6,3.6,8,4,0,3,9,6,0,70,17.1,305,16:55,0,12,0,0,,roberja01
7,Nathan MacKinnon,27,COL,C,16,5,21,26,11,16,2.7,3,2,0,0,15,6,0,77,6.5,352,22:00,10,17,144,159,47.5,mackina01
8,Mikko Rantanen,26,COL,RW,16,11,14,25,6,14,3.0,9,2,0,2,4,10,0,50,22.0,345,21:32,8,17,36,48,42.9,rantami01
9,Matthew Tkachuk,25,FLA,LW,16,7,17,24,9,37,2.6,7,0,0,0,11,6,0,74,9.5,340,21:15,4,14,6,8,42.9,tkachma01
10,Sidney Crosby,35,PIT,C,18,9,14,23,-3,12,2.2,8,1,0,1,10,4,0,48,18.8,363,20:10,10,23,190,182,51.1,crosbsi01
11,Nick Suzuki,23,MTL,C,18,11,12,23,4,4,2.9,7,3,1,0,10,2,0,40,27.5,373,20:42,10,9,115,123,48.3,suzukni01
12,Jesper Bratt,24,NJD,W,18,7,15,22,11,4,2.6,6,1,0,2,8,7,0,46,15.2,308,17:06,5,5,0,0,,brattje01
13,Jack Eichel,26,VEG,C,19,10,12,22,12,0,2.9,9,1,0,2,7,5,0,69,14.5,348,18:19,13,14,87,118,42.4,eicheja01
14,Roope Hintz,26,DAL,LW,17,8,14,22,12,6,2.8,6,1,1,2,8,6,0,37,21.6,281,16:31,13,12,56,58,49.1,hintzro01
15,Dylan Larkin,26,DET,C,18,8,14,22,9,8,2.4,3,4,1,0,10,4,0,56,14.3,371,20:35,11,13,182,162,52.9,larkidy01
16,Mitch Marner,25,TOR,RW,19,4,18,22,1,8,1.7,4,0,0,0,8,9,1,40,10.0,414,21:46,9,19,0,0,,marnemi01
17,Martin Necas,24,CAR,C,18,8,14,22,0,10,2.3,6,2,0,0,10,4,0,57,14.0,351,19:29,5,16,53,64,45.3,necasma01
18,Artemi Panarin,31,NYR,LW,19,5,17,22,-9,12,1.7,4,1,0,1,6,11,0,43,11.6,387,20:22,3,4,0,0,,panarar01
19,Elias Pettersson,24,VAN,C,18,9,13,22,6,2,2.5,9,0,0,0,5,7,1,54,16.7,363,20:09,21,16,81,107,43.1,petteel01
20,Tage Thompson,25,BUF,C,18,12,10,22,-2,10,2.5,6,5,1,1,6,4,0,84,14.3,330,18:21,5,4,91,127,41.7,thompta01
21,Mathew Barzal,25,NYI,C,19,2,19,21,2,12,1.7,1,1,0,0,11,8,0,50,4.0,354,18:37,7,12,43,86,33.3,barzama01
22,Adam Fox,24,NYR,D,19,6,15,21,7,8,3.7,6,0,0,3,8,6,1,39,15.4,474,24:55,30,10,0,0,,foxad01
23,Dominik Kubalík,27,DET,LW,18,9,12,21,4,2,2.4,5,4,0,1,6,6,0,48,18.8,294,16:19,9,20,12,8,60.0,kubaldo01
24,Joe Pavelski,38,DAL,C,18,9,12,21,14,2,2.9,5,4,0,0,10,2,0,39,23.1,285,15:50,10,20,78,74,51.3,paveljo01
25,John Tavares,32,TOR,C,19,10,11,21,-2,10,2.2,4,6,0,1,5,6,0,62,16.1,329,17:18,9,31,174,128,57.6,tavarjo01
26,Brady Tkachuk,23,OTT,LW,17,7,14,21,-5,23,2.0,5,2,0,2,10,4,0,69,10.1,313,18:25,2,47,75,71,51.4,tkachbr01
27,Mika Zibanejad,29,NYR,C,19,10,11,21,1,6,2.4,2,7,1,2,6,5,0,85,11.8,402,21:08,4,14,144,150,49.0,zibanmi01
28,Jamie Benn,33,DAL,LW,18,8,12,20,5,11,2.4,6,2,0,1,5,7,0,41,19.5,265,14:45,6,23,107,74,59.1,bennja01
29,Rasmus Dahlin,22,BUF,D,17,7,13,20,6,24,3.3,3,4,0,1,7,6,0,64,10.9,451,26:31,34,28,0,0,,dahlira01
30,Bo Horvat,27,VAN,C,18,14,6,20,0,6,2.5,6,6,2,2,3,3,0,65,21.5,378,21:00,7,10,251,185,57.6,horvabo01
31,Kirill Kaprizov,25,MIN,LW,18,10,10,20,-5,13,2.2,5,5,0,2,6,4,0,72,13.9,376,20:54,7,15,0,1,0.0,kapriki01
32,Auston Matthews,25,TOR,C,19,8,12,20,2,10,2.0,2,6,0,2,7,5,0,82,9.8,390,20:31,14,39,137,134,50.6,matthau01
33,Ryan Nugent-Hopkins,29,EDM,C,18,8,12,20,0,10,2.0,7,1,0,2,2,9,1,41,19.5,352,19:32,10,17,53,65,44.9,nugenry01
34,William Nylander,26,TOR,C,19,10,10,20,1,8,2.2,6,4,0,0,6,4,0,55,18.2,343,18:02,5,8,11,14,44.0,nylanwi01
35,Steven Stamkos,32,TBL,C,18,10,10,20,4,14,2.3,4,6,0,1,5,5,0,71,14.1,354,19:39,13,19,115,112,50.7,stamkst01
36,Troy Terry,25,ANA,C,18,7,13,20,-3,8,1.8,6,1,0,1,11,2,0,58,12.1,357,19:50,10,5,0,0,,terrytr01
37,Sebastian Aho,25,CAR,F,18,9,10,19,-1,12,2.1,7,2,0,2,6,3,1,49,18.4,355,19:45,4,17,151,123,55.1,ahose01
38,Cole Caufield,22,MTL,RW,18,11,8,19,0,0,2.4,9,2,0,0,6,2,0,72,15.3,325,18:04,4,9,0,0,,caufico01
39,Nico Hischier,24,NJD,C,17,9,10,19,13,2,2.6,7,2,0,3,8,1,1,56,16.1,330,19:26,11,7,205,152,57.4,hischni01
40,Jack Hughes,21,NJD,C,18,7,12,19,7,2,2.1,5,2,0,1,8,4,0,77,9.1,346,19:13,3,3,34,70,32.7,hugheja03
41,Zach Hyman,30,EDM,C,18,9,10,19,-1,10,1.9,5,4,0,1,8,2,0,59,15.3,362,20:07,7,26,2,2,50.0,hymanza01
42,Travis Konecny,25,PHI,C,17,7,12,19,-9,29,1.6,5,2,0,2,6,5,1,56,12.5,330,19:25,13,18,11,8,57.9,konectr01
43,Cale Makar,24,COL,D,16,4,15,19,9,6,3.1,2,2,0,2,6,9,0,42,9.5,427,26:41,29,22,0,0,,makarca01
44,Evgeni Malkin,36,PIT,C,18,7,12,19,2,14,1.9,5,2,0,0,8,4,0,60,11.7,327,18:10,4,7,109,101,51.9,malkiev01
45,Brock Nelson,31,NYI,C,19,9,10,19,3,10,2.2,7,2,0,2,6,4,0,63,14.3,354,18:37,9,13,132,137,49.1,nelsobr01
46,Kevin Fiala,26,LAK,LW,21,6,12,18,-4,12,1.4,4,2,0,1,9,3,0,52,11.5,357,17:01,8,13,4,3,57.1,fialake01
47,Filip Forsberg,28,NSH,C,18,7,11,18,-5,2,1.6,6,1,0,1,5,6,0,62,11.3,326,18:05,10,33,0,0,,forsbfi01
48,Claude Giroux,35,OTT,C,17,8,10,18,2,6,2.1,7,1,0,0,5,5,0,43,18.6,305,17:55,6,16,115,76,60.2,giroucl01
49,Kevin Hayes,30,PHI,RW,18,5,13,18,-8,9,1.3,4,1,0,0,7,6,0,47,10.6,347,19:16,8,12,127,147,46.4,hayeske01
50,Clayton Keller,24,ARI,C,16,7,11,18,-8,2,1.7,4,3,0,0,7,4,0,32,21.9,307,19:09,4,4,5,11,31.3,kellecl01
51,Anders Lee,32,NYI,LW,19,8,10,18,1,21,2.0,5,3,0,1,6,4,0,52,15.4,316,16:39,13,35,11,11,50.0,leean01
52,Hampus Lindholm,29,BOS,D,18,4,14,18,21,16,4.0,4,0,0,1,9,5,0,37,10.8,435,24:08,22,21,0,0,,lindhha01
53,Brandon Montour,28,FLA,D,16,4,14,18,6,10,2.6,2,2,0,2,10,4,0,50,8.0,407,25:25,24,23,0,0,,montobr01
54,Brayden Point,26,TBL,C,18,6,12,18,1,2,1.6,4,2,0,1,8,4,0,53,11.3,375,20:50,8,10,103,122,45.8,pointbr01
55,Mikhail Sergachev,24,TBL,D,18,4,14,18,0,20,2.4,2,2,0,1,8,6,0,31,12.9,432,24:00,45,17,0,0,,sergami01
56,Chandler Stephenson,28,VEG,C,19,6,12,18,9,4,2.0,3,2,1,3,10,1,1,35,17.1,367,19:20,11,23,151,88,63.2,stephch02
57,Andrei Svechnikov,22,CAR,RW,18,12,6,18,0,8,2.3,9,3,0,1,2,4,0,60,20.0,338,18:47,3,31,0,0,,svechan01
58,Carter Verhaeghe,27,FLA,C,18,11,7,18,2,14,2.2,9,2,0,0,5,2,0,56,19.6,325,18:03,6,6,1,3,25.0,verhaca01
59,Patrice Bergeron,37,BOS,C,18,9,8,17,11,4,2.3,5,4,0,2,5,3,0,56,16.1,324,18:01,13,12,246,156,61.2,bergepa01
60,Jake Guentzel,28,PIT,C,14,10,7,17,-3,8,1.9,8,2,0,3,6,1,0,48,20.8,273,19:28,0,17,3,4,42.9,guentja01
61,Tomas Hertl,29,SJS,C,20,4,13,17,1,6,1.5,4,0,0,1,10,3,0,37,10.8,392,19:36,18,23,189,187,50.3,hertlto01
62,Timo Meier,26,SJS,RW,20,8,9,17,1,4,1.8,4,4,0,1,8,1,0,95,8.4,399,19:57,3,42,4,18,18.2,meierti01
63,J.T. Miller,29,VAN,C,18,10,7,17,-8,15,1.5,5,5,0,0,1,6,0,40,25.0,383,21:16,13,39,53,60,46.9,millejt01
64,Alex Ovechkin,37,WSH,LW,20,9,8,17,-14,12,1.4,4,5,0,1,4,4,0,78,11.5,420,21:01,6,59,1,3,25.0,ovechal01
65,Alex Pietrangelo,33,VEG,D,19,2,15,17,1,4,2.2,1,1,0,0,9,6,0,45,4.4,447,23:32,42,21,0,0,,pietral01
66,Tim Stützle,21,OTT,LW,17,6,11,17,-5,12,1.5,5,1,0,0,7,4,0,35,17.1,344,20:14,13,32,52,64,44.8,stuetti02
67,Mats Zuccarello,35,MIN,LW,18,6,11,17,-7,8,1.4,2,4,0,1,6,5,0,48,12.5,372,20:40,8,11,5,6,45.5,zuccama01
68,Kirby Dach,22,MTL,C,18,4,12,16,1,12,1.5,3,1,0,2,7,5,0,28,14.3,300,16:39,7,11,19,31,38.0,dachki01
69,Quinn Hughes,23,VAN,D,14,0,16,16,-1,6,1.5,0,0,0,0,8,8,0,26,0.0,347,24:45,13,0,0,0,,hughequ01
70,Elias Lindholm,28,CGY,C,17,6,10,16,-3,2,1.5,3,3,0,0,7,2,1,41,14.6,332,19:31,12,24,194,160,54.8,lindhel01
71,Trevor Moore,27,LAK,LW,21,6,10,16,5,0,1.5,5,0,1,1,6,4,0,67,9.0,381,18:08,6,17,4,13,23.5,mooretr01
72,Josh Morrissey,27,WPG,D,16,1,15,16,1,17,2.3,0,1,0,1,11,4,0,27,3.7,374,23:23,22,19,0,0,,morrijo04
73,Morgan Rielly,28,TOR,D,19,0,16,16,0,7,2.0,0,0,0,0,10,6,0,32,0.0,443,23:20,23,20,0,0,,riellmo01
74,Alex Tuch,26,BUF,RW,18,9,7,16,0,4,1.8,7,2,0,3,4,3,0,45,20.0,334,18:34,12,12,8,6,57.1,tuchal01
75,Trevor Zegras,21,ANA,C,18,8,8,16,-3,18,1.5,6,2,0,1,7,1,0,42,19.0,356,19:46,7,15,73,104,41.2,zegratr01
76,Aleksander Barkov,27,FLA,C,17,4,11,15,4,0,1.2,1,3,0,0,8,3,0,66,6.1,390,22:56,13,11,239,180,57.0,barkoal01
77,Sam Bennett,26,FLA,C,18,5,10,15,-1,24,1.2,4,1,0,1,9,1,0,63,7.9,319,17:44,13,46,103,143,41.9,bennesa01
78,Andre Burakovsky,27,SEA,LW,18,4,11,15,-5,8,1.1,2,2,0,0,6,5,0,47,8.5,310,17:14,4,7,0,4,0.0,burakan01
79,Kyle Connor,26,WPG,LW,16,5,10,15,-1,2,1.4,4,1,0,2,5,5,0,59,8.5,336,21:00,5,12,0,0,,connoky01
80,Logan Couture,33,SJS,C,20,9,6,15,-9,9,1.4,7,2,0,0,3,3,0,39,23.1,366,18:18,16,30,171,188,47.6,coutulo01
81,Phillip Danault,29,LAK,C,21,6,9,15,6,12,1.5,6,0,0,1,5,3,1,39,15.4,382,18:10,21,19,177,160,52.5,danauph01
82,Jordan Eberle,32,SEA,RW,18,5,10,15,-4,8,1.3,4,1,0,1,6,4,0,33,15.2,291,16:11,5,8,2,1,66.7,eberljo01
83,Johnny Gaudreau,29,CBJ,LW,17,6,9,15,-2,6,1.3,6,0,0,0,8,1,0,49,12.2,339,19:55,2,0,0,0,,gaudrjo01
84,Nazem Kadri,32,CGY,C,17,8,7,15,-8,6,1.5,4,4,0,1,3,4,0,53,15.1,294,17:16,11,22,107,138,43.7,kadrina01
85,Chris Kreider,31,NYR,LW,19,7,8,15,4,4,1.7,3,4,0,1,4,4,0,67,10.4,372,19:34,6,41,14,11,56.0,kreidch01
86,David Perron,34,DET,LW,18,6,9,15,5,6,1.6,4,2,0,2,5,4,0,48,12.5,299,16:38,12,19,0,1,0.0,perroda01
87,Brayden Schenn,31,STL,C,17,5,10,15,-4,17,1.3,4,1,0,0,7,3,0,28,17.9,299,17:36,5,33,53,65,44.9,schenbr01
88,Tyler Seguin,31,DAL,C,18,4,11,15,2,12,1.3,3,1,0,1,9,2,0,36,11.1,300,16:40,5,17,131,111,54.1,seguity01
89,Mark Stone,30,VEG,RW,19,7,8,15,9,4,1.8,7,0,0,1,6,2,0,49,14.3,368,19:21,13,18,0,1,0.0,stonema01
90,Dylan Strome,25,WSH,C,20,5,10,15,-9,6,1.1,3,2,0,0,4,6,0,36,13.9,343,17:10,10,6,122,149,45.0,stromdy01
91,Robert Thomas,23,STL,C,17,4,11,15,-5,2,1.1,3,1,0,0,8,3,0,29,13.8,333,19:34,10,3,163,141,53.6,thomaro01
92,Gabriel Vilardi,23,LAK,C,21,10,5,15,3,2,1.8,8,2,0,3,5,0,0,48,20.8,352,16:47,11,16,14,20,41.2,vilarga01
93,Jason Zucker,31,PIT,LW,16,5,10,15,7,4,1.7,5,0,0,1,7,3,0,43,11.6,248,15:29,5,44,1,3,25.0,zuckeja01
94,Viktor Arvidsson,29,LAK,LW,19,3,11,14,1,8,1.0,1,2,0,0,8,3,0,41,7.3,312,16:26,10,5,6,9,40.0,arvidvi01
95,Drake Batherson,24,OTT,C,17,5,9,14,-12,6,0.9,2,3,0,0,7,2,0,44,11.4,307,18:04,4,24,6,9,40.0,bathedr01
96,Alex DeBrincat,25,OTT,RW,17,5,9,14,-5,4,1.1,3,2,0,1,5,4,0,63,7.9,330,19:24,9,25,0,1,0.0,debrial01
97,Matt Duchene,32,NSH,C,18,4,10,14,-4,22,1.0,2,2,0,1,9,1,0,45,8.9,324,18:00,11,3,24,23,51.1,duchema01
98,Dougie Hamilton,29,NJD,D,18,5,9,14,9,10,2.7,3,2,0,2,4,5,0,65,7.7,391,21:43,18,13,0,0,,hamildo01
99,Filip Hronek,25,DET,D,18,4,10,14,8,12,2.6,4,0,0,1,5,5,0,40,10.0,401,22:17,15,25,0,0,,hronefi01
100,Roman Josi,32,NSH,D,18,3,11,14,-6,10,1.6,1,2,0,0,7,4,0,73,4.1,443,24:37,44,14,0,0,,josiro01
101,Alex Killorn,33,TBL,C,18,6,8,14,6,4,1.5,6,0,0,1,7,1,0,28,21.4,322,17:52,5,10,0,0,,killoal01
102,Anze Kopitar,35,LAK,C,21,3,11,14,-3,2,0.7,3,0,0,0,7,4,0,37,8.1,425,20:14,28,20,234,164,58.8,kopitan01
103,Evgeny Kuznetsov,30,WSH,C,19,2,12,14,-3,16,1.0,0,2,0,1,9,3,0,54,3.7,358,18:52,7,12,131,149,46.8,kuzneev01
104,Brad Marchand,34,BOS,LW,10,5,9,14,4,0,1.7,0,5,0,1,4,5,0,27,18.5,187,18:40,4,15,5,5,50.0,marchbr03
105,Jonathan Marchessault,32,VEG,C,19,7,7,14,0,4,1.5,4,3,0,0,5,2,0,62,11.3,310,16:19,3,28,5,13,27.8,audymjo01
106,Mark Scheifele,29,WPG,C,16,10,4,14,-3,0,1.7,8,2,0,2,3,1,0,45,22.2,343,21:27,6,15,121,140,46.4,scheima01
107,Jeff Skinner,30,BUF,LW,18,5,9,14,-1,6,1.2,4,1,0,0,8,1,0,51,9.8,303,16:52,3,12,37,38,49.3,skinnje01
108,Reilly Smith,31,VEG,RW,19,9,5,14,7,6,1.9,3,3,3,2,4,1,0,55,16.4,317,16:42,7,15,2,1,66.7,smithre01
109,Shea Theodore,27,VEG,D,19,3,11,14,12,2,2.8,3,0,0,1,10,1,0,44,6.8,399,20:58,25,8,0,0,,theodsh01
110,Rasmus Andersson,26,CGY,D,17,1,12,13,-6,12,1.4,1,0,0,0,6,6,0,33,3.0,421,24:46,25,17,0,0,,anderra01
111,Jake DeBrusk,26,BOS,LW,17,7,6,13,7,6,1.7,4,3,0,1,3,3,0,61,11.5,294,17:16,7,22,2,3,40.0,debruja01
112,Pierre-Luc Dubois,24,WPG,LW,16,7,6,13,-5,14,1.3,4,3,0,1,3,3,0,48,14.6,291,18:11,7,26,101,95,51.5,duboipi01
113,Justin Faulk,30,STL,D,17,3,10,13,1,8,1.9,3,0,0,1,7,3,0,51,5.9,399,23:29,27,27,0,0,,faulkju01
114,Mikael Granlund,30,NSH,C,18,1,12,13,-9,4,0.4,1,0,0,0,8,4,0,27,3.7,349,19:22,11,22,74,102,42.0,granlmi01
115,Brandon Hagel,24,TBL,LW,18,5,8,13,4,12,1.2,4,1,0,1,6,2,0,35,14.3,330,18:20,12,9,5,21,19.2,hagelbr01
116,Boone Jenner,29,CBJ,C,17,7,6,13,-4,10,1.2,5,2,0,1,6,0,0,58,12.1,337,19:50,26,28,193,158,55.0,jennebo01
117,Arthur Kaliyev,21,LAK,RW,20,6,7,13,-1,4,1.3,2,4,0,0,5,2,0,44,13.6,227,11:20,6,10,0,0,,kaliyar01
118,Evander Kane,31,EDM,LW,14,5,8,13,4,16,1.3,5,0,0,0,6,2,0,50,10.0,273,19:30,8,51,3,8,27.3,kaneev01
119,Patrick Kane,34,CHI,RW,17,2,11,13,-7,2,0.7,2,0,0,0,4,7,0,47,4.3,336,19:47,3,4,1,0,100.0,kanepa01
120,William Karlsson,30,VEG,C,19,4,9,13,3,2,1.1,3,1,0,1,6,1,2,39,10.3,332,17:27,14,13,154,118,56.6,karlswi01
121,Andrei Kuzmenko,26,VAN,F,17,7,6,13,2,0,1.5,3,4,0,1,5,1,0,40,17.5,256,15:02,8,0,0,0,,kuzmean01
122,Artturi Lehkonen,27,COL,LW,16,6,7,13,4,8,1.3,3,3,0,2,1,6,0,40,15.0,338,21:06,12,22,0,9,0.0,lehkoar01
123,Vladimir Tarasenko,31,STL,RW,16,4,9,13,-4,4,1.0,4,0,0,0,6,3,0,44,9.1,286,17:54,7,16,0,1,0.0,tarasvl01
124,Tyler Toffoli,30,CGY,C,17,6,7,13,1,4,1.4,3,3,0,2,5,2,0,59,10.2,282,16:35,4,19,0,1,0.0,toffoty01
125,Vincent Trocheck,29,NYR,C,19,6,7,13,-4,10,1.1,2,4,0,0,4,3,0,69,8.7,397,20:55,8,59,165,132,55.6,trochvi01
126,Tyson Barrie,31,EDM,D,18,3,9,12,2,8,1.7,1,2,0,0,4,5,0,27,11.1,341,18:56,17,10,0,0,,barrity01
127,Brent Burns,37,CAR,D,18,3,9,12,1,14,2.0,2,1,0,1,3,6,0,68,4.4,427,23:44,13,8,0,0,,burnsbr01
128,Dylan Cozens,21,BUF,C,18,4,8,12,-1,10,0.9,4,0,0,0,5,2,1,41,9.8,309,17:10,8,19,129,136,48.7,cozendy01
129,Noah Dobson,23,NYI,D,19,5,7,12,-2,2,1.8,3,2,0,2,3,4,0,55,9.1,397,20:53,34,12,0,0,,dobsono01
130,Max Domi,27,CHI,LW,17,4,8,12,-5,25,0.9,1,3,0,1,5,3,0,27,14.8,310,18:13,4,5,145,95,60.4,domima01
131,Joel Eriksson Ek,26,MIN,C,18,6,6,12,-2,14,1.2,3,2,1,0,4,2,0,56,10.7,349,19:24,10,27,145,163,47.1,eriksjo02
132,Taylor Hall,31,BOS,LW,18,6,6,12,4,12,1.4,5,1,0,3,5,1,0,42,14.3,293,16:15,8,12,1,3,25.0,hallta02
133,Miro Heiskanen,23,DAL,D,15,2,10,12,6,10,1.9,1,1,0,0,4,5,1,35,5.7,362,24:08,20,12,0,0,,heiskmi01
134,David Krejci,36,BOS,C,15,5,7,12,-2,6,1.1,3,2,0,0,3,4,0,18,27.8,250,16:39,7,7,75,61,55.1,krejcda01
135,Jordan Kyrou,24,STL,C,17,6,6,12,-12,2,0.8,3,3,0,1,5,1,0,54,11.1,306,17:59,12,4,2,2,50.0,kyroujo01
136,Mason Marchment,27,DAL,F,18,6,6,12,1,11,1.2,4,2,0,1,5,1,0,45,13.3,284,15:48,9,22,5,5,50.0,marchma01
137,Valeri Nichushkin,27,COL,RW,7,7,5,12,1,0,1.6,1,5,1,1,3,1,1,26,26.9,143,20:28,5,12,0,1,0.0,nichuva01
138,Lucas Raymond,20,DET,LW,18,6,6,12,0,12,1.1,3,3,0,2,4,2,0,34,17.6,330,18:20,2,7,1,3,25.0,raymolu01
139,Matthew Beniers,20,SEA,C,18,5,6,11,-7,0,0.7,4,1,0,1,4,2,0,30,16.7,315,17:30,13,19,98,119,45.2,beniema01
140,Brock Boeser,25,VAN,RW,12,2,9,11,-9,6,0.5,1,1,0,1,6,3,0,30,6.7,197,16:25,2,7,2,7,22.2,boesebr01
141,Matt Boldy,21,MIN,LW,18,6,5,11,0,8,1.1,5,1,0,0,1,4,0,54,11.1,345,19:11,4,18,16,9,64.0,boldyma01
142,Pavel Buchnevich,27,STL,LW,12,4,7,11,3,4,1.2,3,1,0,1,4,3,0,26,15.4,228,18:59,4,11,2,11,15.4,buchnpa01
143,John Carlson,33,WSH,D,14,5,6,11,-5,2,1.5,3,1,1,0,3,3,0,49,10.2,324,23:07,34,19,0,0,,carlsjo01
144,Joel Farabee,22,PHI,LW,18,3,8,11,1,4,0.8,3,0,0,1,8,0,0,36,8.3,340,18:52,15,17,8,5,61.5,farabjo01
145,Gustav Forsling,26,FLA,D,18,2,9,11,12,10,2.2,2,0,0,0,7,2,0,56,3.6,435,24:09,21,15,0,0,,forslgu02
146,Adrian Kempe,26,LAK,LW,21,7,4,11,-1,18,0.9,6,1,0,1,2,2,0,62,11.3,394,18:46,7,30,0,2,0.0,kempead01
147,Casey Mittelstadt,24,BUF,C,18,5,6,11,-5,4,0.8,1,3,1,0,1,5,0,31,16.1,300,16:41,1,9,127,127,50.0,mitteca01
148,Nino Niederreiter,30,NSH,RW,18,9,2,11,-6,6,1.2,7,2,0,1,1,1,0,36,25.0,287,15:57,6,48,2,2,50.0,niedeni01
149,Darnell Nurse,27,EDM,D,18,3,8,11,4,20,1.8,2,0,1,0,7,1,0,33,9.1,423,23:29,31,37,0,0,,nurseda01
150,Victor Olofsson,27,BUF,RW,18,9,2,11,-2,2,1.3,7,2,0,1,1,1,0,51,17.6,279,15:31,3,3,1,3,25.0,olofsvi01
151,Jean-Gabriel Pageau,30,NYI,C,19,3,8,11,-1,2,0.8,1,2,0,1,7,1,0,31,9.7,340,17:54,14,57,209,153,57.7,pageaje01
152,Nick Paul,27,TBL,LW,18,6,5,11,10,6,1.4,5,1,0,1,5,0,0,33,18.2,308,17:08,15,36,115,106,52.0,paulni01
153,Neal Pionk,27,WPG,D,16,4,7,11,-2,2,1.9,4,0,0,1,6,1,0,35,11.4,360,22:29,23,39,0,0,,pionkne01
154,Rickard Rakell,29,PIT,RW,18,7,4,11,10,0,1.5,5,2,0,0,3,1,0,57,12.3,312,17:21,11,34,6,4,60.0,rakelri01
155,Nicolas Roy,25,VEG,C,18,4,7,11,3,2,1.1,3,1,0,1,4,2,1,25,16.0,271,15:05,11,24,111,111,50.0,royni01
156,Jaden Schwartz,30,SEA,C,18,5,6,11,-8,4,0.7,1,4,0,0,6,0,0,40,12.5,321,17:49,4,16,20,17,54.1,schwaja01
157,Ryan Strome,29,ANA,C,18,5,6,11,-5,8,0.7,4,1,0,1,6,0,0,30,16.7,325,18:04,7,10,134,166,44.7,stromry01
158,Tomas Tatar,32,NJD,LW,18,3,8,11,14,12,1.4,3,0,0,0,8,0,0,37,8.1,263,14:38,13,16,6,11,35.3,tatarto01
159,Devon Toews,28,COL,D,14,1,10,11,8,2,1.9,1,0,0,0,9,1,0,26,3.8,334,23:50,29,8,0,0,,toewsde01
160,Jonathan Toews,34,CHI,C,17,8,3,11,-3,12,1.3,4,4,0,1,2,1,0,36,22.2,292,17:10,11,1,207,111,65.1,toewsjo01
161,Pavel Zacha,25,BOS,C,18,3,8,11,3,2,1.0,2,1,0,1,8,0,0,37,8.1,278,15:27,3,11,27,36,42.9,zachapa01
162,Alexander Barabanov,28,SJS,F,16,1,9,10,-8,2,0.4,0,1,0,0,5,4,0,25,4.0,283,17:40,13,13,0,0,,barabal01
163,Travis Boyd,29,ARI,C,16,2,8,10,-9,10,0.5,1,1,0,1,4,4,0,17,11.8,274,17:08,12,8,113,141,44.5,boydtr01
164,Michael Bunting,27,TOR,LW,19,4,6,10,4,28,1.0,4,0,0,1,4,2,0,34,11.8,296,15:33,5,20,1,1,50.0,buntimi01
165,Andrew Copp,28,DET,C,18,1,9,10,-2,4,0.4,1,0,0,1,9,0,0,19,5.3,314,17:27,12,10,109,143,43.3,coppan01
166,Anthony DeAngelo,27,PHI,D,18,3,7,10,-6,25,1.3,2,1,0,0,2,5,0,37,8.1,453,25:09,29,6,0,0,,deangan01
167,Drew Doughty,33,LAK,D,21,1,9,10,1,16,1.6,0,1,0,0,6,3,0,38,2.6,556,26:27,22,30,0,0,,doughdr01
168,Vince Dunn,26,SEA,D,18,2,8,10,0,8,1.5,2,0,0,0,4,4,0,28,7.1,420,23:19,18,20,0,0,,dunnvi02
169,Nick Foligno,35,BOS,LW,18,3,7,10,8,9,1.1,3,0,0,0,5,2,0,24,12.5,224,12:26,11,39,11,5,68.8,foligni01
170,Shayne Gostisbehere,29,ARI,D,16,4,6,10,-12,6,1.1,1,2,1,1,3,3,0,38,10.5,335,20:56,23,7,0,0,,gostish01
171,Adam Henrique,32,ANA,C,17,6,4,10,0,6,1.0,5,1,0,0,2,2,0,32,18.8,288,16:57,6,15,86,71,54.8,henriad01
172,Nick Jensen,32,WSH,D,20,1,9,10,3,8,1.7,1,0,0,0,8,0,1,24,4.2,415,20:44,38,29,0,0,,jenseni02
173,Ryan Johansen,30,NSH,C,18,5,5,10,-6,14,0.7,3,2,0,0,2,3,0,23,21.7,296,16:25,11,20,192,109,63.8,johanry01
174,Eetu Luostarinen,24,FLA,C,18,6,4,10,11,4,1.4,6,0,0,0,4,0,0,31,19.4,254,14:05,10,7,3,12,20.0,luostee01
175,Matias Maccelli,22,ARI,LW,16,1,9,10,-2,12,0.7,0,1,0,1,3,6,0,14,7.1,241,15:03,4,8,0,1,0.0,maccema01
176,Anthony Mantha,28,WSH,RW,20,5,5,10,-6,10,0.8,4,1,0,1,4,1,0,35,14.3,304,15:12,7,22,3,2,60.0,manthan01
177,Jared McCann,26,SEA,C,15,7,3,10,-3,0,1.1,5,2,0,0,1,2,0,32,21.9,222,14:48,3,8,15,21,41.7,mccanja01
178,Sean Monahan,28,MTL,C,18,3,7,10,-5,16,0.6,2,1,0,0,6,1,0,39,7.7,311,17:17,3,8,116,106,52.3,monahse01
179,Bryan Rust,30,PIT,RW,18,5,5,10,-8,9,0.5,4,1,0,0,3,2,0,49,10.2,329,18:16,7,26,0,1,0.0,rustbr01
180,Justin Schultz,32,SEA,D,18,3,7,10,0,14,1.5,3,0,0,1,3,4,0,30,10.0,332,18:27,21,9,0,0,,schulju01
181,Conor Sheary,30,WSH,LW,20,7,3,10,-3,10,1.1,6,0,1,1,2,1,0,37,18.9,328,16:23,11,13,7,11,38.9,shearco01
182,Brandon Tanev,31,SEA,LW,18,4,6,10,13,4,1.3,4,0,0,2,6,0,0,29,13.8,277,15:23,20,40,2,5,28.6,tanevbr01
183,Owen Tippett,23,PHI,RW,13,6,4,10,-6,6,0.9,3,3,0,0,4,0,0,38,15.8,221,17:00,13,21,6,1,85.7,tippeow01
184,Oliver Wahlstrom,22,NYI,RW,18,5,5,10,6,14,1.3,4,1,0,1,5,0,0,39,12.8,215,11:57,11,23,5,4,55.6,wahlsol01
185,Blake Wheeler,36,WPG,RW,16,4,6,10,-2,10,0.9,2,2,0,1,6,0,0,29,13.8,276,17:17,5,13,6,5,54.5,wheelbl01
186,Colin White,26,FLA,C,17,4,6,10,5,4,1.1,4,0,0,0,6,0,0,25,16.0,207,12:10,5,10,11,16,40.7,whiteco02
187,Miles Wood,27,NJD,LW,18,6,4,10,9,31,1.4,6,0,0,0,4,0,0,50,12.0,241,13:22,2,25,1,1,50.0,woodmi01
188,Mikael Backlund,33,CGY,C,17,5,4,9,1,10,0.9,4,0,1,1,3,0,1,53,9.4,301,17:43,6,23,150,136,52.4,backlmi01
189,Oliver Bjorkstrand,27,SEA,RW,18,1,8,9,1,2,0.5,0,1,0,0,6,2,0,55,1.8,294,16:20,16,13,7,11,38.9,bjorkol01
190,Jeff Carter,38,PIT,C,15,2,7,9,0,8,0.6,2,0,0,0,3,3,1,26,7.7,227,15:07,13,16,119,76,61.0,carteje01
191,Yegor Chinakhov,21,CBJ,RW,17,2,7,9,-6,4,0.4,2,0,0,0,6,1,0,22,9.1,224,13:10,7,21,1,2,33.3,chinaye01
192,Ross Colton,26,TBL,C,18,4,5,9,-3,14,0.7,3,1,0,1,3,2,0,27,14.8,206,11:27,9,40,36,33,52.2,coltoro01
193,Ty Dellandrea,22,DAL,C,18,2,7,9,4,17,0.7,2,0,0,1,6,0,1,22,9.1,261,14:29,15,21,23,17,57.5,dellaty01
194,Sean Durzi,24,LAK,D,19,3,6,9,-2,8,1.3,2,1,0,1,4,2,0,31,9.7,381,20:04,32,27,0,0,,durzise01
195,Christian Dvorak,26,MTL,C,18,4,5,9,0,0,0.8,4,0,0,1,4,1,0,27,14.8,289,16:05,18,2,127,101,55.7,dvorach01
196,Conor Garland,26,VAN,RW,17,3,6,9,-1,4,0.6,2,1,0,1,5,1,0,31,9.7,267,15:44,3,4,1,3,25.0,garlaco01
197,Barclay Goodrow,29,NYR,RW,19,4,5,9,1,13,0.9,4,0,0,0,3,1,1,26,15.4,281,14:46,13,28,65,80,44.8,goodrba01
198,Yanni Gourde,31,SEA,C,17,2,7,9,7,9,0.8,1,0,1,0,7,0,0,32,6.3,291,17:08,8,23,84,98,46.2,gourdya01
199,Victor Hedman,32,TBL,D,16,1,8,9,2,8,1.4,1,0,0,0,5,3,0,36,2.8,398,24:53,33,29,0,0,,hedmavi01
200,Kevin Labanc,27,SJS,RW,19,3,6,9,-2,6,0.7,3,0,0,0,5,1,0,37,8.1,294,15:27,9,9,0,0,,labanke01
201,Kris Letang,35,PIT,D,17,1,8,9,-11,6,0.2,0,1,0,0,6,2,0,37,2.7,406,23:53,29,30,0,0,,letankr01
202,Anton Lundell,21,FLA,C,18,1,8,9,3,4,0.5,1,0,0,0,6,2,0,45,2.2,317,17:37,11,7,112,120,48.3,lundean01
203,Jordan Martinook,30,CAR,LW,18,4,5,9,8,14,1.2,4,0,0,1,5,0,0,32,12.5,244,13:33,6,29,9,8,52.9,martijo01
204,Michael McLeod,24,NJD,C,18,2,7,9,4,4,0.8,2,0,0,0,7,0,0,22,9.1,202,11:14,8,32,127,90,58.5,mcleomi01
205,Mason Mctavish,20,ANA,C,18,2,7,9,-3,8,0.5,1,1,0,0,5,2,0,32,6.3,238,13:12,3,13,23,23,50.0,mctavma01
206,Ilya Mikheyev,28,VAN,F,15,4,5,9,5,2,0.9,3,1,0,0,4,1,0,30,13.3,257,17:06,5,5,1,3,25.0,mikheil01
207,J.J. Moser,22,ARI,D,16,1,8,9,-7,12,1.1,1,0,0,0,2,6,0,19,5.3,381,23:48,30,16,0,0,,moserja01
208,Kyle Okposo,34,BUF,RW,14,1,8,9,0,8,0.6,1,0,0,0,5,3,0,29,3.4,215,15:20,2,15,17,19,47.2,okposky01
209,Kyle Palmieri,31,NYI,RW,19,6,3,9,-2,6,0.9,5,1,0,1,2,1,0,36,16.7,312,16:26,6,31,4,10,28.6,palmiky01
210,Shane Pinto,22,OTT,C,17,8,1,9,-2,2,1.1,5,3,0,2,1,0,0,37,21.6,258,15:09,4,12,95,76,55.6,pintosh01
211,Nick Ritchie,27,ARI,LW,16,6,3,9,-7,16,0.9,2,4,0,2,1,2,0,22,27.3,234,14:37,5,34,1,2,33.3,ritchni01
212,Matt Roy,27,LAK,D,21,3,6,9,0,2,1.5,3,0,0,0,5,0,1,39,7.7,379,18:04,39,29,0,0,,royma04
213,Jake Sanderson,20,OTT,D,17,0,9,9,5,4,1.4,0,0,0,0,4,5,0,26,0.0,351,20:38,26,17,0,0,,sandeja01
214,Moritz Seider,21,DET,D,18,1,8,9,-6,6,0.8,1,0,0,1,3,4,1,32,3.1,412,22:53,43,37,0,0,,seidemo01
215,Yegor Sharangovich,24,NJD,C,18,5,4,9,-1,4,0.8,3,0,2,1,3,0,1,36,13.9,276,15:20,12,7,4,4,50.0,sharaye01
216,Calen Addison,22,MIN,D,18,0,8,8,-10,10,0.5,0,0,0,0,2,6,0,22,0.0,308,17:07,12,7,0,0,,addisca01
217,Andreas Athanasiou,28,CHI,C,17,5,3,8,0,18,0.9,4,1,0,0,2,1,0,32,15.6,274,16:07,11,8,4,13,23.5,athanan01
218,Ivan Barbashev,27,STL,C,17,3,5,8,6,6,0.9,3,0,0,1,4,1,0,26,11.5,256,15:03,8,33,19,29,39.6,barbaiv01
219,Nathan Bastian,25,NJD,RW,17,3,5,8,4,13,0.8,3,0,0,1,5,0,0,21,14.3,236,13:53,15,45,1,10,9.1,bastina01
220,Filip Chytil,23,NYR,C,13,4,4,8,2,12,0.9,4,0,0,1,4,0,0,20,20.0,172,13:15,10,13,43,65,39.8,chytifi01
221,Connor Clifton,27,BOS,D,18,2,6,8,11,24,2.0,2,0,0,0,6,0,0,33,6.1,379,21:04,26,53,0,0,,cliftco01
222,Charlie Coyle,30,BOS,C,18,5,3,8,9,6,1.0,4,0,1,0,2,0,1,28,17.9,312,17:18,15,17,106,95,52.7,coylech01
223,Lawson Crouse,25,ARI,LW,16,6,2,8,-4,6,0.8,4,2,0,0,2,0,0,31,19.4,279,17:27,9,40,2,6,25.0,crousla01
224,Adam Erne,27,DET,LW,18,2,6,8,-5,4,0.3,2,0,0,0,5,0,1,14,14.3,253,14:03,22,54,5,7,41.7,ernead01
225,Brendan Gallagher,30,MTL,RW,18,3,5,8,-2,10,0.6,3,0,0,1,3,2,0,45,6.7,262,14:32,7,9,4,5,44.4,gallabr01
226,Frederick Gaudreau,29,MIN,C,18,3,5,8,3,0,0.7,2,0,1,0,4,0,1,39,7.7,311,17:15,12,9,111,113,49.6,gaudrfr01
227,Morgan Geekie,24,SEA,C,15,4,4,8,12,11,1.3,4,0,0,3,4,0,0,13,30.8,149,9:58,9,15,67,83,44.7,geekimo01
228,Danton Heinen,27,PIT,C,18,3,5,8,-1,4,0.5,2,1,0,0,4,1,0,29,10.3,243,13:29,7,22,1,1,50.0,heineda01
229,Mike Hoffman,33,MTL,C,16,5,3,8,3,8,1.0,5,0,0,1,2,1,0,34,14.7,225,14:03,8,7,6,2,75.0,hoffmmi02
230,Jonathan Huberdeau,29,CGY,LW,14,2,6,8,1,6,0.6,1,1,0,0,2,4,0,27,7.4,238,17:01,9,17,0,2,0.0,huberjo01
231,Marcus Johansson,32,WSH,C,20,4,4,8,-2,4,0.6,3,1,0,1,1,3,0,33,12.1,323,16:08,6,9,7,6,53.8,johanma03
232,Kent Johnson,20,CBJ,C,14,3,5,8,-2,2,0.7,3,0,0,0,4,1,0,17,17.6,176,12:36,5,4,0,1,0.0,johnske01
233,David Kampf,28,TOR,C,19,3,5,8,3,2,0.7,3,0,0,1,4,0,1,25,12.0,279,14:41,6,17,136,125,52.1,kampfda01
234,John Klingberg,30,ANA,D,18,1,7,8,-10,8,0.4,1,0,0,0,4,3,0,24,4.2,425,23:37,22,17,0,0,,klingjo01
235,Torey Krug,31,STL,D,17,4,4,8,-8,6,0.9,1,3,0,1,3,1,0,31,12.9,334,19:39,21,11,0,0,,krugto01
236,Sean Kuraly,30,CBJ,C,15,5,3,8,-5,6,0.7,5,0,0,0,3,0,0,24,20.8,199,13:17,13,35,116,116,50.0,kuralse01
237,Philipp Kurashev,23,CHI,C,17,2,6,8,-10,6,0.2,2,0,0,1,3,3,0,31,6.5,284,16:41,4,17,7,10,41.2,kurasph01
238,Esa Lindell,28,DAL,D,18,2,6,8,13,6,2.0,2,0,0,1,5,0,1,24,8.3,361,20:05,25,33,0,0,,lindees01
239,Adam Lowry,29,WPG,LW,16,3,5,8,5,6,0.9,1,0,2,0,4,1,0,24,12.5,237,14:50,8,42,115,123,48.3,lowryad01
240,John Marino,25,NJD,D,18,2,6,8,11,8,2.0,2,0,0,0,6,0,0,24,8.3,389,21:36,19,19,0,0,,marinjo01
241,Brock McGinn,28,PIT,LW,18,5,3,8,4,2,0.9,4,0,1,3,3,0,0,28,17.9,237,13:11,9,22,1,3,25.0,mcginbr01
242,Dawson Mercer,21,NJD,C,18,4,4,8,-1,6,0.7,2,1,1,2,2,2,0,35,11.4,257,14:17,13,7,27,37,42.2,merceda01
243,Ryan O'Reilly,31,STL,C,17,5,3,8,-10,6,0.4,3,1,1,2,3,0,0,36,13.9,307,18:03,11,5,157,135,53.8,oreilry01
244,Zach Parise,38,NYI,LW,19,5,3,8,6,2,1.0,4,0,1,1,2,1,0,41,12.2,311,16:22,19,17,2,4,33.3,parisza01
245,Adam Pelech,28,NYI,D,19,2,6,8,8,16,1.9,2,0,0,0,6,0,0,27,7.4,402,21:10,31,28,0,0,,pelecad01
246,Cole Perfetti,21,WPG,C,16,3,5,8,-2,8,0.6,3,0,0,0,3,2,0,26,11.5,250,15:39,10,13,1,4,20.0,perfeco01
247,John-Jason Peterka,21,BUF,RW,18,3,5,8,-3,8,0.5,3,0,0,1,3,2,0,27,11.1,254,14:05,1,4,0,1,0.0,peterjo01
248,Jeff Petry,35,PIT,D,18,3,5,8,4,14,1.4,1,2,0,0,5,0,0,28,10.7,389,21:36,36,56,0,0,,petryje01
249,Marcus Pettersson,26,PIT,D,18,0,8,8,5,8,1.2,0,0,0,0,8,0,0,29,0.0,355,19:44,35,38,0,0,,pettema01
250,Owen Power,20,BUF,D,18,0,8,8,2,4,1.2,0,0,0,0,6,1,1,22,0.0,428,23:45,23,9,0,0,,powerow01
251,Ivan Provorov,26,PHI,D,18,1,7,8,-3,6,1.1,1,0,0,0,6,1,0,39,2.6,425,23:37,48,28,0,0,,provoiv01
252,Michael Rasmussen,23,DET,C,16,2,6,8,-1,14,0.5,2,0,0,0,6,0,0,23,8.7,228,14:14,18,44,68,88,43.6,rasmumi01
253,Sam Reinhart,27,FLA,C,18,5,3,8,-7,2,0.3,1,4,0,0,1,2,0,54,9.3,356,19:48,7,9,18,24,42.9,reinhsa01
254,Evan Rodrigues,29,COL,C,16,6,2,8,-5,8,0.6,2,4,0,0,2,0,0,42,14.3,297,18:35,4,11,48,46,51.1,rodriev01
255,Adam Ruzicka,23,CGY,C,7,4,4,8,0,2,1.0,3,1,0,1,3,1,0,12,33.3,95,13:37,0,7,6,6,50.0,ruzicad01
256,Daniel Sprong,25,SEA,RW,11,3,5,8,5,2,1.0,1,2,0,0,3,2,0,20,15.0,119,10:49,2,4,1,1,50.0,spronda01
257,Nico Sturm,27,SJS,C,20,6,2,8,-5,6,0.7,6,0,0,0,2,0,0,33,18.2,288,14:24,12,29,101,71,58.7,sturmni01
258,Pius Suter,26,DET,F,17,4,4,8,-1,0,0.7,3,0,1,0,4,0,0,26,15.4,221,13:00,9,10,28,36,43.8,suterpi01
259,Alexander Wennberg,28,SEA,C,18,3,5,8,2,6,0.5,2,1,0,0,4,1,0,28,10.7,349,19:22,12,13,124,155,44.4,wennbal01
260,Zach Werenski,25,CBJ,D,13,3,5,8,-6,0,0.8,3,0,0,0,3,2,0,41,7.3,307,23:36,24,5,0,0,,werenza01
261,Fabian Zetterlund,23,NJD,W,13,3,5,8,9,4,1.1,2,1,0,1,3,2,0,33,9.1,176,13:31,3,9,0,1,0.0,zettefa01
262,Josh Anderson,28,MTL,RW,16,5,2,7,-2,21,0.7,4,1,0,2,2,0,0,31,16.1,228,14:16,5,32,11,5,68.8,anderjo05
263,Anthony Beauvillier,25,NYI,LW,18,3,4,7,-4,2,0.4,3,0,0,0,4,0,0,34,8.8,272,15:08,9,14,0,0,,beauvan01
264,William Carrier,28,VEG,LW,18,4,3,7,1,4,0.7,4,0,0,2,3,0,0,36,11.1,200,11:08,8,51,0,1,0.0,carriwi01
265,Jason Dickinson,27,CHI,C,13,4,3,7,-3,6,0.7,3,1,0,1,1,0,2,18,22.2,203,15:38,12,21,48,40,54.5,dickija01
266,Oliver Ekman-Larsson,31,VAN,D,18,1,6,7,-1,8,0.8,1,0,0,0,4,1,1,33,3.0,395,21:58,15,30,0,0,,ekmanol01
267,Lars Eller,33,WSH,C,20,3,4,7,-1,14,0.5,3,0,0,0,4,0,0,30,10.0,297,14:50,13,27,125,121,50.8,ellerla01
268,Cam Fowler,31,ANA,D,18,1,6,7,-8,4,0.5,0,1,0,0,4,2,0,34,2.9,449,24:55,21,5,0,0,,fowleca01
269,Ryan Graves,27,NJD,D,18,3,4,7,15,4,2.3,3,0,0,0,3,0,1,25,12.0,348,19:21,24,19,0,0,,gravery01
270,A.J. Greer,26,BOS,LW,13,3,4,7,3,24,0.8,3,0,0,0,4,0,0,13,23.1,132,10:10,6,32,0,0,,greeraj01
271,Carl Grundstrom,25,LAK,RW,20,4,3,7,-5,2,0.4,3,1,0,1,3,0,0,35,11.4,247,12:21,4,55,0,1,0.0,grundca01
272,Dylan Guenther,19,ARI,RW,15,3,4,7,-9,4,0.4,0,3,0,1,2,2,0,21,14.3,182,12:08,4,8,0,1,0.0,guentdy01
273,Kaiden Guhle,21,MTL,D,18,1,6,7,-5,13,0.7,1,0,0,0,6,0,0,16,6.3,372,20:39,31,37,0,0,,guhleka01
274,Erik Gustafsson,30,WSH,D,20,0,7,7,-10,11,0.4,0,0,0,0,3,4,0,27,0.0,366,18:17,19,18,0,0,,gustaer02
275,Erik Haula,31,NJD,LW,18,1,6,7,4,8,0.4,0,1,0,0,5,1,0,43,2.3,295,16:25,14,17,142,102,58.2,haulaer01
276,Kaapo Kakko,21,NYR,RW,19,3,4,7,-4,4,0.4,3,0,0,0,4,0,0,38,7.9,298,15:40,11,12,0,1,0.0,kakkoka01
277,Phil Kessel,35,VEG,RW,19,3,4,7,-1,6,0.5,3,0,0,0,1,3,0,35,8.6,246,12:57,7,2,0,0,,kesseph01
278,Luke Kunin,25,SJS,C,20,3,4,7,-12,24,0.1,1,2,0,0,3,1,0,42,7.1,314,15:43,18,41,1,3,25.0,kuninlu01
279,Sam Lafferty,27,CHI,C,17,3,4,7,-4,11,0.5,1,0,2,1,3,0,1,25,12.0,246,14:29,4,24,71,72,49.7,laffesa01
280,Alexis Lafreniere,21,NYR,LW,19,2,5,7,-1,2,0.4,2,0,0,0,5,0,0,37,5.4,307,16:11,5,38,10,9,52.6,lafreal01
281,Scott Laughton,28,PHI,C,18,3,4,7,-10,10,0.0,1,1,1,0,3,1,0,44,6.8,345,19:09,8,52,126,138,47.7,laughsc01
282,Olli Maatta,28,DET,D,18,2,5,7,5,0,1.5,2,0,0,0,5,0,0,16,12.5,362,20:06,35,16,0,0,,maattol01
283,Zack MacEwen,26,PHI,C,16,3,4,7,3,17,0.7,3,0,0,2,4,0,0,29,10.3,220,13:45,9,60,6,6,50.0,macewza01
284,Charlie McAvoy,25,BOS,D,5,1,6,7,3,6,1.1,1,0,0,1,3,3,0,13,7.7,106,21:08,5,6,0,0,,mcavoch01
285,Tyler Motte,27,OTT,C,17,2,5,7,2,2,0.5,2,0,0,0,5,0,0,30,6.7,251,14:45,13,38,15,18,45.5,mottety01
286,Stefan Noesen,29,CAR,RW,17,2,5,7,-4,4,0.4,0,2,0,0,3,2,0,37,5.4,207,12:09,5,13,1,1,50.0,noesest01
287,Gustav Nyquist,33,CBJ,RW,17,3,4,7,-1,10,0.4,3,0,0,0,4,0,0,28,10.7,294,17:16,11,13,3,7,30.0,nyquigu01
288,Ryan Pulock,28,NYI,D,19,1,6,7,7,0,1.6,1,0,0,0,5,1,0,29,3.4,384,20:12,30,37,0,0,,pulocry01
289,Taylor Raddysh,24,CHI,RW,17,4,3,7,-5,6,0.5,2,2,0,0,2,1,0,23,17.4,261,15:21,6,25,2,1,66.7,raddyta01
290,Luke Schenn,33,VAN,D,18,1,6,7,6,37,1.3,1,0,0,0,6,0,0,26,3.8,316,17:34,26,81,0,0,,schenlu01
291,Brady Skjei,28,CAR,D,18,2,5,7,10,6,2.0,1,0,1,1,5,0,0,38,5.3,371,20:38,14,24,0,0,,skjeibr01
292,Jordan Staal,34,CAR,C,18,4,3,7,6,2,0.8,4,0,0,0,3,0,0,24,16.7,281,15:37,4,42,155,139,52.7,staaljo01
293,Oskar Sundqvist,28,DET,C,11,1,6,7,-4,12,0.3,1,0,0,0,3,3,0,12,8.3,173,15:45,8,17,13,9,59.1,sundqos01
294,Teuvo Teravainen,28,CAR,F,14,0,7,7,3,2,0.4,0,0,0,0,6,1,0,32,0.0,232,16:32,3,8,6,4,60.0,teravte01
295,Noel Acciari,31,STL,C,17,3,3,6,3,4,0.6,3,0,0,0,2,0,1,23,13.0,220,12:55,19,58,77,58,57.0,acciano01
296,Mason Appleton,27,WPG,C,14,1,5,6,1,6,0.4,1,0,0,0,5,0,0,23,4.3,232,16:34,3,26,0,2,0.0,applema01
297,Rasmus Asplund,25,BUF,F,16,2,4,6,1,0,0.4,1,0,1,0,4,0,0,22,9.1,201,12:34,6,7,17,25,40.5,asplura01
298,Jake Bean,24,CBJ,D,14,1,5,6,-2,6,0.7,1,0,0,0,4,1,0,16,6.3,220,15:42,21,13,0,0,,beanja01
299,Jacob Bryson,25,BUF,D,18,1,5,6,-12,2,0.0,1,0,0,0,4,0,1,8,12.5,330,18:19,30,14,0,0,,brysoja01
300,Noah Cates,23,PHI,LW,18,3,3,6,3,0,0.4,3,0,0,1,2,1,0,20,15.0,318,17:39,20,24,81,134,37.7,catesno01
301,Thomas Chabot,26,OTT,D,14,3,3,6,-4,18,0.8,1,2,0,0,2,1,0,34,8.8,360,25:45,22,20,0,0,,chaboth01
302,Ian Cole,33,TBL,D,15,1,5,6,2,10,1.0,1,0,0,0,5,0,0,23,4.3,290,19:19,32,24,0,0,,coleia01
303,Blake Coleman,31,CGY,C,17,2,4,6,-1,14,0.4,2,0,0,0,4,0,0,28,7.1,242,14:14,10,34,3,3,50.0,colembl01
304,J.T. Compher,27,COL,LW,16,1,5,6,3,6,0.3,0,1,0,0,5,0,0,17,5.9,272,17:02,12,6,115,138,45.5,comphj.01
305,Nic Dowd,32,WSH,C,20,3,3,6,-2,14,0.4,3,0,0,0,2,0,1,16,18.8,274,13:43,16,55,131,151,46.5,dowdni01
306,Mattias Ekholm,32,NSH,D,18,1,5,6,1,8,1.2,1,0,0,0,3,2,0,27,3.7,380,21:05,19,26,0,0,,ekholma01
307,Jesper Fast,31,CAR,RW,18,2,4,6,4,2,0.5,2,0,0,1,4,0,0,16,12.5,262,14:34,6,28,3,2,60.0,fastje01
308,Christian Fischer,25,ARI,RW,16,3,3,6,0,10,0.5,3,0,0,0,3,0,0,28,10.7,255,15:55,9,29,0,13,0.0,fischch01
309,Sam Gagner,33,WPG,C,16,3,3,6,3,4,0.7,2,1,0,1,1,2,0,24,12.5,213,13:18,5,4,7,17,29.2,gagnesa01
310,Noah Hanifin,26,CGY,D,16,1,5,6,-6,8,0.6,1,0,0,0,3,1,1,50,2.0,365,22:48,25,20,0,0,,hanifno01
311,Vinnie Hinostroza,28,BUF,C,11,0,6,6,-1,2,0.3,0,0,0,0,5,0,1,13,0.0,143,13:02,3,0,0,1,0.0,hinosvi01
312,Calle Jarnkrok,31,TOR,C,19,4,2,6,-1,10,0.5,3,0,1,0,2,0,0,28,14.3,248,13:03,3,16,20,26,43.5,jarnkca01
313,Seth Jarvis,20,CAR,C,18,3,3,6,0,0,0.4,3,0,0,0,3,0,0,33,9.1,289,16:04,10,17,3,6,33.3,jarvise01
314,Tyler Johnson,32,CHI,C,6,2,4,6,1,6,0.7,1,1,0,0,2,2,0,12,16.7,84,13:58,3,13,0,3,0.0,johnsty01
315,Wyatt Johnston,19,DAL,C,18,4,2,6,-2,8,0.4,3,1,0,0,1,1,0,27,14.8,258,14:20,9,4,21,39,35.0,johnswy01
316,Caleb Jones,25,CHI,D,14,0,6,6,-7,12,0.4,0,0,0,0,4,2,0,19,0.0,257,18:22,24,18,0,0,,jonesca01
317,Alexander Kerfoot,28,TOR,C,19,1,5,6,2,6,0.2,0,1,0,0,4,0,1,29,3.4,307,16:10,11,6,25,26,49.0,kerfoal01
318,Blake Lizotte,25,LAK,C,21,5,1,6,-3,12,0.5,5,0,0,1,1,0,0,31,16.1,238,11:19,12,24,94,99,48.7,lizotbl01
319,Andrew Mangiapane,26,CGY,LW,17,3,3,6,-6,4,0.2,3,0,0,1,2,0,1,32,9.4,272,16:00,8,22,1,2,33.3,mangian01
320,Scott Mayfield,30,NYI,D,19,4,2,6,2,18,1.4,4,0,0,0,2,0,0,27,14.8,364,19:08,31,22,0,0,,mayfisc01
321,Ryan McDonagh,33,NSH,D,18,0,6,6,2,6,1.1,0,0,0,0,6,0,0,17,0.0,373,20:43,41,16,0,0,,mcdonry01
322,Jaycob Megna,30,SJS,D,18,0,6,6,2,6,1.2,0,0,0,0,6,0,0,16,0.0,311,17:15,21,18,0,0,,megnaja02
323,Matthew Nieto,30,SJS,LW,20,3,3,6,-9,4,0.1,3,0,0,0,3,0,0,32,9.4,301,15:03,9,19,2,1,66.7,nietoma01
324,Tomas Nosek,30,BOS,C,18,2,4,6,7,25,0.6,1,0,1,0,4,0,0,14,14.3,243,13:30,8,20,99,74,57.2,nosekto01
325,Logan O'Connor,26,COL,RW,16,5,1,6,7,8,0.9,4,0,1,0,0,0,1,24,20.8,241,15:03,15,23,0,5,0.0,oconnlo01
326,Nicklaus Perbix,24,TBL,D,14,3,3,6,7,4,1.5,3,0,0,1,3,0,0,19,15.8,216,15:25,17,14,0,0,,perbini01
327,Jack Quinn,21,BUF,RW,13,1,5,6,0,0,0.4,1,0,0,0,1,4,0,15,6.7,166,12:47,1,9,4,2,66.7,quinnja01
328,Brett Ritchie,29,CGY,RW,17,4,2,6,2,14,0.8,4,0,0,0,2,0,0,24,16.7,170,10:00,2,40,1,0,100.0,ritchbr01
329,Eric Robinson,27,CBJ,LW,16,2,4,6,-4,2,0.2,2,0,0,0,4,0,0,13,15.4,209,13:03,7,26,0,6,0.0,robiner01
330,Alexander Romanov,23,NYI,D,19,0,6,6,4,10,1.2,0,0,0,0,6,0,0,26,0.0,379,19:57,46,38,0,0,,romanal01
331,Jack Roslovic,26,CBJ,C,15,1,5,6,-6,0,0.0,0,0,1,0,4,1,0,24,4.2,245,16:21,13,12,112,105,51.6,rosloja01
332,David Savard,32,MTL,D,18,0,6,6,-3,16,0.7,0,0,0,0,6,0,0,14,0.0,402,22:20,54,15,0,0,,savarda01
333,Jonas Siegenthaler,25,NJD,D,18,1,5,6,17,12,2.1,0,1,0,0,5,0,0,24,4.2,368,20:26,28,22,0,0,,siegejo01
334,Jared Spurgeon,33,MIN,D,18,1,5,6,8,4,1.8,1,0,0,0,4,0,1,28,3.6,379,21:05,41,19,0,0,,spurgja01
335,Evgeny Svechnikov,26,SJS,LW,16,3,3,6,2,4,0.7,3,0,0,0,3,0,0,16,18.8,175,10:58,5,19,5,1,83.3,svechev01
336,Frank Vatrano,28,ANA,LW,18,4,2,6,-5,8,0.2,4,0,0,0,2,0,0,59,6.8,319,17:44,18,30,1,4,20.0,vatrafr01
337,Jimmy Vesey,29,NYR,LW,18,2,4,6,5,2,0.6,1,0,1,0,4,0,0,32,6.3,220,12:15,8,29,2,6,25.0,veseyji02
338,Jakub Voracek,33,CBJ,RW,11,1,5,6,-7,0,0.1,0,1,0,0,5,0,0,17,5.9,176,15:58,7,2,1,2,33.3,voracja01
339,Nikita Zadorov,27,CGY,D,17,4,2,6,9,21,2.0,4,0,0,0,1,1,0,37,10.8,348,20:28,15,51,0,0,,zadorni01
340,Josh Bailey,33,NYI,C,16,3,2,5,2,2,0.4,3,0,0,2,2,0,0,24,12.5,244,15:15,5,2,9,18,33.3,bailejo01
341,William Borgen,26,SEA,D,18,2,3,5,3,15,1.1,2,0,0,1,3,0,0,15,13.3,283,15:45,22,37,0,0,,borgewi01
342,Evan Bouchard,23,EDM,D,18,0,5,5,-8,6,0.0,0,0,0,0,3,1,1,39,0.0,349,19:22,18,33,0,0,,bouchev01
343,Bowen Byram,21,COL,D,10,2,3,5,3,4,1.0,1,0,1,0,2,1,0,11,18.2,208,20:47,11,15,0,0,,byrambo01
344,Ben Chiarot,31,DET,D,18,2,3,5,-5,14,0.6,2,0,0,0,3,0,0,36,5.6,378,21:00,33,36,0,0,,chiarbe01
345,Connor Dewar,23,MIN,C,17,1,4,5,1,29,0.3,0,0,1,0,3,0,1,19,5.3,193,11:20,11,35,26,34,43.3,dewarco01
346,Alexander Edler,36,LAK,D,18,0,5,5,-1,14,0.6,0,0,0,0,5,0,0,17,0.0,268,14:55,25,30,0,0,,edleral01
347,Mario Ferraro,24,SJS,D,20,1,4,5,-12,8,0.4,1,0,0,0,3,1,0,23,4.3,465,23:16,35,24,0,1,0.0,ferrama01
348,Trent Frederic,24,BOS,C,17,3,2,5,9,16,0.8,3,0,0,2,2,0,0,21,14.3,177,10:26,5,22,2,4,33.3,fredetr01
349,Zemgus Girgensons,29,BUF,C,17,3,2,5,0,6,0.4,3,0,0,0,2,0,0,17,17.6,200,11:45,13,12,39,40,49.4,girgeze01
350,Matt Grzelcyk,29,BOS,D,14,1,4,5,7,4,1.3,1,0,0,1,4,0,0,25,4.0,248,17:44,19,10,0,0,,grzelma01
351,Radko Gudas,32,FLA,D,18,1,4,5,-1,22,0.6,1,0,0,0,4,0,0,36,2.8,362,20:07,32,66,0,0,,gudasra01
352,Erik Gudbranson,31,CBJ,D,16,0,5,5,-3,8,0.4,0,0,0,0,5,0,0,19,0.0,300,18:46,24,29,0,0,,gudbrer01
353,Jordan Harris,22,MTL,D,17,1,4,5,2,6,1.0,1,0,0,0,4,0,0,26,3.8,334,19:39,33,14,0,0,,harrijo01
354,Ryan Hartman,28,MIN,RW,9,1,4,5,0,16,0.4,1,0,0,1,3,0,1,21,4.8,142,15:46,3,13,32,44,42.1,hartmry01
355,Alex Iafallo,29,LAK,C,4,2,3,5,2,2,0.6,1,1,0,0,3,0,0,6,33.3,62,15:32,1,2,0,1,0.0,iafalal01
356,Kasperi Kapanen,26,PIT,RW,13,1,4,5,-3,0,0.2,1,0,0,0,4,0,0,16,6.3,162,12:28,3,17,1,4,20.0,kapanka01
357,Dmitry Kulikov,32,ANA,D,18,1,4,5,-5,8,0.5,1,0,0,0,4,0,0,28,3.6,386,21:27,35,27,0,0,,kulikdm01
358,Nick Leddy,31,STL,D,17,0,5,5,-4,4,0.5,0,0,0,0,5,0,0,23,0.0,366,21:33,24,15,0,0,,leddyni01
359,Trevor Lewis,36,CGY,C,17,3,2,5,0,2,0.4,2,0,1,1,2,0,0,35,8.6,242,14:15,9,42,22,32,40.7,lewistr01
360,Steven Lorentz,26,SJS,C,19,2,3,5,-4,4,0.2,2,0,0,0,3,0,0,30,6.7,227,11:57,9,33,50,53,48.5,lorenst01
361,Isac Lundestrom,23,ANA,C,18,1,4,5,-6,2,-0.1,0,0,1,0,4,0,0,23,4.3,262,14:33,11,8,85,101,45.7,lundeis01
362,Nils Lundkvist,22,DAL,D,18,1,4,5,3,12,0.9,1,0,0,0,3,1,0,34,2.9,324,18:01,17,15,0,0,,lundkni01
363,Matt Martin,33,NYI,LW,18,2,3,5,1,7,0.4,2,0,0,0,3,0,0,9,22.2,184,10:14,7,63,2,5,28.6,martima02
364,Ryan McLeod,23,EDM,C,18,3,2,5,-3,8,0.1,2,0,1,0,1,0,1,14,21.4,263,14:37,5,10,95,112,45.9,mcleory01
365,Brayden McNabb,32,VEG,D,19,0,5,5,9,8,1.4,0,0,0,0,3,0,2,25,0.0,372,19:35,44,46,0,0,,mcnabbr01
366,K'Andre Miller,23,NYR,D,19,0,5,5,-4,8,0.8,0,0,0,0,4,0,1,32,0.0,418,22:01,20,30,0,0,,milleka01
367,Alex Newhook,22,COL,C,16,3,2,5,-3,8,0.3,3,0,0,0,2,0,0,21,14.3,217,13:35,5,10,31,68,31.3,newhoal01
368,Jamie Oleksiak,30,SEA,D,14,3,2,5,1,16,1.1,3,0,0,0,2,0,0,8,37.5,260,18:33,27,40,0,0,,oleksja01
369,Dmitry Orlov,31,WSH,D,13,0,5,5,3,2,1.0,0,0,0,0,4,1,0,26,0.0,277,21:17,16,30,0,0,,orlovdm01
370,T.J. Oshie,36,WSH,C,9,2,3,5,0,6,0.5,0,2,0,0,3,0,0,12,16.7,150,16:40,4,22,9,15,37.5,oshietj01
371,Juuso Parssinen,21,NSH,C,4,3,2,5,2,0,0.7,2,1,0,1,1,1,0,6,50.0,65,16:14,0,10,22,19,53.7,parssju01
372,Tanner Pearson,30,VAN,LW,14,1,4,5,-9,21,-0.1,1,0,0,0,3,1,0,17,5.9,189,13:30,3,20,7,11,38.9,pearsta01
373,Corey Perry,37,TBL,RW,18,2,3,5,-4,18,0.1,1,1,0,0,1,2,0,38,5.3,227,12:37,6,16,0,0,,perryco01
374,Nicholas Robertson,21,TOR,LW,10,2,3,5,1,0,0.5,2,0,0,1,3,0,0,18,11.1,113,11:19,5,10,1,0,100.0,roberni01
375,Rasmus Sandin,22,TOR,D,19,0,5,5,-3,6,0.6,0,0,0,0,3,2,0,14,0.0,317,16:41,18,46,0,0,,sandira01
376,Nick Seeler,29,PHI,D,18,2,3,5,7,16,1.5,2,0,0,0,3,0,0,17,11.8,260,14:26,35,30,0,0,,seeleni01
377,Kevin Shattenkirk,34,ANA,D,14,0,5,5,1,20,0.7,0,0,0,0,5,0,0,25,0.0,236,16:52,14,12,0,0,,shattke01
378,Mason Shaw,24,MIN,C,13,2,3,5,1,21,0.5,2,0,0,0,2,0,1,27,7.4,163,12:32,5,24,4,5,44.4,shawma01
379,Cole Sillinger,19,CBJ,C,17,2,3,5,-3,8,0.2,1,1,0,0,3,0,0,30,6.7,225,13:13,3,25,84,96,46.7,sillico01
380,Cole Smith,27,NSH,F,18,0,5,5,1,18,0.2,0,0,0,0,5,0,0,16,0.0,210,11:39,4,48,0,3,0.0,smithco02
381,Sam Steel,24,MIN,C,18,3,2,5,1,4,0.5,3,0,0,0,2,0,0,13,23.1,202,11:13,5,13,53,56,48.6,steelsa01
382,Michael Stone,32,CGY,D,10,2,3,5,6,2,1.2,2,0,0,0,2,1,0,21,9.5,132,13:13,11,8,0,0,,stonemi01
383,Jacob Trouba,28,NYR,D,19,0,5,5,-5,10,0.8,0,0,0,0,4,0,1,57,0.0,409,21:33,51,63,0,0,,troubja01
384,Juuso Valimaki,24,ARI,D,14,1,4,5,1,4,1.1,1,0,0,0,0,4,0,14,7.1,246,17:33,15,6,0,0,,valimju01
385,James van Riemsdyk,33,PHI,LW,6,2,3,5,5,6,0.7,0,2,0,0,2,1,0,7,28.6,93,15:30,3,1,0,0,,vanrija01
386,Trevor van Riemsdyk,31,WSH,D,20,1,4,5,1,11,1.0,1,0,0,0,3,1,0,17,5.9,345,17:14,38,9,0,0,,vanritr01
387,Arber Xhekaj,22,MTL,D,18,2,3,5,-1,45,0.8,2,0,0,0,3,0,0,33,6.1,286,15:53,20,62,0,0,,xhekaar01
388,Wade Allison,25,PHI,RW,14,3,1,4,4,6,0.5,3,0,0,0,1,0,0,24,12.5,175,12:31,14,42,1,1,50.0,alliswa01
389,Nils Aman,22,VAN,C,18,1,3,4,1,2,0.1,1,0,0,0,3,0,0,9,11.1,214,11:52,16,11,53,84,38.7,amanni01
390,Josh Archibald,30,PIT,RW,17,3,1,4,4,12,0.5,3,0,0,0,1,0,0,27,11.1,179,10:33,6,55,1,2,33.3,archijo01
391,Rudolfs Balcers,25,TOT,LW,15,2,2,4,-2,4,0.2,2,0,0,0,2,0,0,21,9.5,161,10:45,4,7,0,2,0.0,balceru01
392,Morgan Barron,24,WPG,C,9,1,3,4,2,2,0.4,1,0,0,0,2,1,0,15,6.7,117,12:58,8,12,3,2,60.0,barromo01
393,Matt Benning,28,SJS,D,20,1,3,4,-8,12,0.5,1,0,0,0,3,0,0,17,5.9,369,18:26,17,24,0,0,,bennima01
394,Nick Bjugstad,30,ARI,C,16,1,3,4,-1,4,0.1,1,0,0,0,3,0,0,28,3.6,260,16:14,7,31,110,142,43.7,bjugsni01
395,Andrew Cogliano,35,COL,LW,16,2,2,4,6,2,0.4,2,0,0,0,1,0,1,24,8.3,222,13:52,13,12,6,8,42.9,coglian01
396,Max Comtois,24,ANA,LW,15,4,0,4,-3,44,0.3,4,0,0,0,0,0,0,25,16.0,208,13:53,5,23,5,8,38.5,comtoma01
397,Paul Cotter,23,VEG,C,9,2,2,4,4,8,0.5,2,0,0,1,2,0,0,12,16.7,99,10:57,1,18,1,3,25.0,cottepa01
398,Jonathan Drouin,27,MTL,LW,12,0,4,4,-4,0,0.0,0,0,0,0,2,2,0,11,0.0,161,13:27,3,6,3,4,42.9,drouijo01
399,Dillon Dube,24,CGY,C,17,1,3,4,-3,8,0.0,0,0,1,0,3,0,0,26,3.8,250,14:41,5,26,15,20,42.9,dubedi01
400,Brandon Duhaime,25,MIN,RW,13,3,1,4,3,18,0.6,2,0,1,1,1,0,0,21,14.3,124,9:33,5,37,0,1,0.0,duhaibr01
401,Mathew Dumba,28,MIN,D,18,2,2,4,-5,23,0.8,2,0,0,1,2,0,0,22,9.1,372,20:40,29,23,0,0,,dumbama01
402,Brian Dumoulin,31,PIT,D,18,0,4,4,1,0,0.5,0,0,0,0,4,0,0,15,0.0,366,20:19,37,29,0,0,,dumoubr01
403,Pierre Engvall,26,TOR,LW,18,2,2,4,0,2,0.2,2,0,0,0,2,0,0,29,6.9,216,12:01,4,20,15,15,50.0,engvapi01
404,Dante Fabbro,24,NSH,D,17,0,4,4,1,12,0.8,0,0,0,0,4,0,0,19,0.0,273,16:04,26,24,0,0,,fabbrda01
405,Radek Faksa,29,DAL,C,18,2,2,4,6,8,0.3,1,0,1,0,2,0,0,10,20.0,230,12:47,10,16,60,60,50.0,faksara01
406,Warren Foegele,26,EDM,LW,17,3,1,4,-2,8,0.2,2,0,1,1,1,0,0,26,11.5,207,12:09,6,34,4,4,50.0,foegewa01
407,Marcus Foligno,31,MIN,LW,13,1,3,4,-5,16,0.0,1,0,0,0,1,2,0,14,7.1,191,14:42,4,48,2,1,66.7,foligma01
408,Morgan Frost,23,PHI,C,17,2,2,4,1,8,0.2,2,0,0,1,2,0,0,25,8.0,227,13:22,10,23,65,89,42.2,frostmo01
409,Julien Gauthier,25,NYR,RW,11,3,1,4,1,2,0.5,3,0,0,0,1,0,0,12,25.0,100,9:07,2,19,2,2,50.0,gauthju01
410,Vladislav Gavrikov,27,CBJ,D,17,2,2,4,-1,8,0.7,2,0,0,2,2,0,0,20,10.0,379,22:17,29,19,0,0,,gavrivl01
411,Mark Giordano,39,TOR,D,19,1,3,4,6,19,1.3,0,0,1,1,3,0,0,23,4.3,350,18:27,42,18,0,0,,giordma01
412,Samuel Girard,24,COL,D,11,1,3,4,-3,8,0.4,1,0,0,0,1,2,0,15,6.7,210,19:05,7,9,0,0,,girarsa01
413,Luke Glendening,33,DAL,C,18,2,2,4,5,4,0.3,1,0,1,0,2,0,0,18,11.1,230,12:45,15,26,92,53,63.4,glendlu01
414,Nicolas Hague,24,VEG,D,18,1,3,4,4,2,1.0,1,0,0,0,3,0,0,21,4.8,291,16:11,28,26,0,0,,hagueni01
415,Jani Hakanpaa,30,DAL,D,18,3,1,4,8,23,1.3,3,0,0,1,1,0,0,23,13.0,343,19:02,33,53,0,0,,hakanja01
416,Travis Hamonic,32,OTT,D,17,2,2,4,3,16,0.9,2,0,0,0,2,0,0,29,6.9,316,18:35,28,23,0,0,,hamontr01
417,Tanner Jeannot,25,NSH,F,18,3,1,4,1,28,0.3,3,0,0,0,1,0,0,35,8.6,284,15:48,17,67,2,5,28.6,jeannta01
418,Erik Johnson,34,COL,D,16,0,4,4,7,2,1.1,0,0,0,0,4,0,0,25,0.0,265,16:32,30,28,0,0,,johnser01
419,Seth Jones,28,CHI,D,8,0,4,4,-5,6,0.3,0,0,0,0,1,2,1,22,0.0,202,25:12,21,16,0,0,,jonesse01
420,Mathieu Joseph,25,OTT,RW,17,1,3,4,3,10,0.2,0,0,1,0,3,0,0,17,5.9,244,14:21,9,27,3,2,60.0,josepma01
421,Pierre-Olivier Joseph,23,PIT,D,14,0,4,4,7,8,0.9,0,0,0,0,4,0,0,18,0.0,201,14:23,6,20,0,0,,joseppi01
422,Dakota Joshua,26,VAN,C,17,3,1,4,1,23,0.4,3,0,0,0,1,0,0,16,18.8,167,9:49,4,38,5,5,50.0,joshuda01
423,Keegan Kolesar,25,VEG,RW,17,3,1,4,3,9,0.4,3,0,0,0,1,0,0,17,17.6,195,11:27,10,53,3,8,27.3,koleske01
424,Rasmus Kupari,22,LAK,C,12,1,3,4,1,6,0.3,1,0,0,0,3,0,0,7,14.3,134,11:08,10,9,47,51,48.0,kuparra01
425,Patrik Laine,24,CBJ,RW,8,2,2,4,-4,4,0.1,2,0,0,0,1,1,0,29,6.9,159,19:52,6,8,5,4,55.6,lainepa01
426,Josh Leivo,29,STL,LW,9,0,4,4,1,0,0.3,0,0,0,0,4,0,0,14,0.0,106,11:50,5,9,0,0,,leivojo01
427,Oskar Lindblom,26,SJS,LW,19,0,4,4,-5,0,-0.1,0,0,0,0,3,1,0,20,0.0,206,10:50,7,21,4,5,44.4,lindbos01
428,Ryan Lomberg,28,FLA,LW,18,2,2,4,-3,15,0.1,2,0,0,1,2,0,0,17,11.8,165,9:11,5,26,3,2,60.0,lombery01
429,Milan Lucic,34,CGY,LW,17,0,4,4,-6,12,-0.1,0,0,0,0,4,0,0,16,0.0,189,11:06,3,42,5,5,50.0,lucicmi01
430,Denis Malgin,26,TOR,C,15,2,2,4,3,4,0.4,2,0,0,0,2,0,0,31,6.5,168,11:11,4,18,1,0,100.0,malgide01
431,Josh Manson,31,COL,D,16,1,3,4,2,23,0.8,1,0,0,1,3,0,0,19,5.3,277,17:20,16,35,0,0,,mansojo01
432,Jack McBain,23,ARI,C,16,2,2,4,-2,12,0.2,2,0,0,0,2,0,0,17,11.8,217,13:33,7,39,96,97,49.7,mcbaija03
433,Jake McCabe,29,CHI,D,14,1,3,4,2,8,1.0,1,0,0,0,3,0,0,14,7.1,271,19:21,38,30,0,0,,mccabja01
434,Jacob Middleton,27,MIN,D,18,1,3,4,5,29,1.3,1,0,0,0,3,0,0,21,4.8,327,18:10,32,26,0,0,,middlja01
435,Sonny Milano,26,WSH,LW,8,2,2,4,-3,0,0.3,2,0,0,1,2,0,0,14,14.3,106,13:13,2,6,0,0,,milanso01
436,Tyler Myers,32,VAN,D,15,0,4,4,2,35,0.6,0,0,0,0,4,0,0,15,0.0,312,20:49,25,25,0,0,,myersty01
437,Vladislav Namestnikov,30,TBL,C,18,0,4,4,-7,9,-0.3,0,0,0,0,2,2,0,25,0.0,243,13:32,7,28,36,61,37.1,namesvl01
438,Ryan Poehling,24,PIT,C,18,2,2,4,2,0,0.2,1,0,1,0,2,0,0,20,10.0,214,11:52,11,9,89,104,46.1,poehlry01
439,Aliaksei Protas,22,WSH,C,20,3,1,4,-2,4,0.3,3,0,0,0,1,0,0,25,12.0,230,11:31,3,11,0,8,0.0,protaal01
440,Calle Rosen,28,STL,D,9,2,2,4,6,2,1.1,2,0,0,1,2,0,0,15,13.3,127,14:05,7,4,0,0,,rosenca01
441,Jan Rutta,32,PIT,D,18,2,2,4,10,12,1.3,2,0,0,0,2,0,0,16,12.5,285,15:51,17,21,0,0,,ruttaja02
442,Travis Sanheim,26,PHI,D,18,1,3,4,-4,12,0.6,1,0,0,0,3,0,0,20,5.0,366,20:20,35,17,0,0,,sanhetr01
443,Damon Severson,28,NJD,D,18,1,3,4,-2,12,0.5,1,0,0,0,2,1,0,23,4.3,329,18:18,18,10,0,0,,severda01
444,Jakob Silfverberg,32,ANA,LW,17,3,1,4,-7,2,-0.1,3,0,0,0,1,0,0,32,9.4,261,15:22,13,4,7,6,53.8,silfvja01
445,Colton Sissons,29,NSH,C,18,1,3,4,-2,2,0.0,1,0,0,0,3,0,0,16,6.3,278,15:28,12,49,149,128,53.8,sissoco01
446,Juraj Slafkovsky,18,MTL,LW,13,3,1,4,-3,21,0.3,2,1,0,0,1,0,0,17,17.6,143,10:59,9,13,2,1,66.7,slafkju01
447,Jaccob Slavin,28,CAR,D,18,0,4,4,3,2,1.1,0,0,0,0,4,0,0,38,0.0,409,22:43,27,11,0,0,,slavija01
448,Carson Soucy,28,SEA,D,18,1,3,4,7,25,1.2,1,0,0,0,3,0,0,20,5.0,304,16:53,20,42,0,0,,soucyca01
449,Paul Stastny,37,CAR,C,17,0,4,4,-2,12,0.0,0,0,0,0,4,0,0,13,0.0,202,11:52,1,8,39,23,62.9,stastpa01
450,Jarred Tinordi,30,CHI,D,17,2,2,4,-1,10,0.9,2,0,0,1,2,0,0,16,12.5,301,17:43,26,70,0,0,,tinorja01
451,Eeli Tolvanen,23,NSH,RW,13,2,2,4,-2,4,0.2,2,0,0,1,2,0,0,19,10.5,167,12:49,16,22,1,2,33.3,tolvaee01
452,Yakov Trenin,26,NSH,C,15,1,3,4,-1,6,0.1,1,0,0,0,3,0,0,22,4.5,213,14:14,7,32,3,4,42.9,treniya01
453,Joe Veleno,23,DET,C,17,3,1,4,5,6,0.5,3,0,0,0,1,0,0,13,23.1,197,11:36,8,40,41,86,32.3,velenjo01
454,Marc-Edouard Vlasic,35,SJS,D,20,0,4,4,-8,0,0.4,0,0,0,0,4,0,0,20,0.0,361,18:04,28,10,0,0,,vlasima01
455,MacKenzie Weegar,29,CGY,D,17,0,4,4,3,12,1.0,0,0,0,0,4,0,0,33,0.0,364,21:23,28,38,0,0,,weegama01
456,Zach Whitecloud,26,VEG,D,19,1,3,4,3,15,0.9,1,0,0,0,3,0,0,17,5.9,311,16:21,31,34,0,0,,whiteza01
457,Sebastian Aho,26,NYI,D,15,1,2,3,-1,0,0.5,1,0,0,0,2,0,0,23,4.3,199,13:15,7,7,0,0,,ahose02
458,Michael Anderson,23,LAK,D,21,0,3,3,2,6,0.8,0,0,0,0,3,0,0,26,0.0,450,21:25,36,37,0,0,,andermi02
459,Zach Aston-Reese,28,TOR,C,17,2,1,3,-2,6,0.1,2,0,0,1,1,0,0,14,14.3,188,11:05,10,37,1,0,100.0,astonza01
460,Emil Bemstrom,23,CBJ,C,5,2,1,3,1,0,0.4,2,0,0,0,1,0,0,15,13.3,70,14:06,1,4,1,2,33.3,bemstem01
461,Jonatan Berggren,22,DET,RW,5,1,2,3,3,0,0.4,0,1,0,0,2,0,0,6,16.7,65,12:57,6,3,0,0,,berggjo02
462,Sammy Blais,26,NYR,LW,16,0,3,3,3,4,0.2,0,0,0,0,3,0,0,16,0.0,168,10:29,4,60,0,1,0.0,blaissa01
463,Nick Blankenburg,24,CBJ,D,7,2,1,3,-5,4,0.2,2,0,0,1,1,0,0,13,15.4,126,18:02,13,12,0,0,,blankni01
464,Jesper Boqvist,24,NJD,C,12,2,1,3,0,0,0.2,2,0,0,1,1,0,0,14,14.3,131,10:54,5,9,18,27,40.0,boqvije01
465,Erik Brannstrom,23,OTT,D,17,0,3,3,1,10,0.5,0,0,0,0,3,0,0,20,0.0,275,16:09,26,10,0,0,,branner01
466,Derick Brassard,35,OTT,C,11,2,1,3,3,8,0.3,2,0,0,0,0,1,0,25,8.0,158,14:21,1,22,44,55,44.4,brassde01
467,Jonas Brodin,29,MIN,D,18,0,3,3,-1,12,0.8,0,0,0,0,2,0,1,28,0.0,400,22:14,31,18,0,0,,brodijo01
468,Josh Brown,29,ARI,D,16,2,1,3,-4,11,0.8,2,0,0,0,1,0,0,22,9.1,307,19:13,39,40,0,0,,brownjo01
469,Quinton Byfield,20,LAK,C,8,0,3,3,-1,4,0.1,0,0,0,0,3,0,0,5,0.0,94,11:46,2,4,31,33,48.4,byfiequ01
470,Cody Ceci,29,EDM,D,18,1,2,3,7,2,1.0,1,0,0,0,2,0,0,19,5.3,371,20:38,33,22,0,0,,cecico01
471,Casey Cizikas,31,NYI,C,19,0,3,3,0,23,-0.1,0,0,0,0,3,0,0,18,0.0,243,12:47,15,50,125,110,53.2,cizikca01
472,Cal Clutterbuck,35,NYI,RW,17,2,1,3,4,8,0.3,2,0,0,0,1,0,0,18,11.1,208,12:14,9,64,0,1,0.0,cluttca01
473,Nick Cousins,29,FLA,C,15,2,1,3,-4,6,0.1,2,0,0,2,1,0,0,20,10.0,140,9:21,5,10,16,20,44.4,cousini01
474,Justin Danforth,29,CBJ,RW,6,2,1,3,-3,4,0.2,2,0,0,0,1,0,0,10,20.0,80,13:23,1,7,4,9,30.8,danfoju01
475,Nicolas Deslauriers,31,PHI,LW,18,1,2,3,1,31,0.1,1,0,0,0,2,0,0,13,7.7,181,10:03,6,70,1,2,33.3,deslani01
476,Brenden Dillon,32,WPG,D,16,0,3,3,3,34,1.1,0,0,0,0,2,0,1,23,0.0,306,19:09,23,46,0,0,,dillobr01
477,Ryan Donato,26,SEA,C,15,1,2,3,6,12,0.3,1,0,0,0,1,1,0,22,4.5,158,10:32,2,16,6,8,42.9,donatry01
478,Sheldon Dries,28,VAN,C,7,1,2,3,-7,4,0.0,0,1,0,0,1,1,0,14,7.1,73,10:23,4,5,31,33,48.4,driessh01
479,Nikolaj Ehlers,26,WPG,LW,2,0,3,3,0,0,0.2,0,0,0,0,2,1,0,7,0.0,38,19:00,1,2,0,0,,ehlerni01
480,Aaron Ekblad,26,FLA,D,7,1,2,3,-3,10,0.2,0,1,0,0,0,2,0,22,4.5,165,23:38,7,10,0,0,,ekblaaa01
481,Derek Forbort,30,BOS,D,10,1,2,3,3,6,0.7,1,0,0,1,2,0,0,8,12.5,188,18:50,18,27,0,0,,forbode01
482,Liam Foudy,22,CBJ,C,10,0,3,3,-6,2,-0.1,0,0,0,0,3,0,0,7,0.0,112,11:10,1,4,0,3,0.0,foudyli01
483,Cody Glass,23,NSH,C,10,1,2,3,0,2,0.2,1,0,0,0,2,0,0,14,7.1,115,11:27,2,6,33,46,41.8,glassco01
484,Denis Gurianov,25,DAL,RW,12,1,2,3,-1,2,0.0,1,0,0,0,2,0,0,20,5.0,158,13:09,7,5,0,0,,guriade01
485,Garnet Hathaway,31,WSH,RW,20,2,1,3,-3,33,0.0,2,0,0,0,1,0,0,21,9.5,247,12:21,24,71,3,3,50.0,hathaga01
486,Barrett Hayton,22,ARI,C,16,0,3,3,-13,6,-0.5,0,0,0,0,2,1,0,27,0.0,251,15:40,3,17,97,92,51.3,haytoba01
487,Nils Hoglander,22,VAN,LW,14,1,2,3,-6,2,-0.1,1,0,0,0,2,0,0,16,6.3,159,11:21,3,12,0,1,0.0,hoglani01
488,Nick Holden,35,OTT,D,14,1,2,3,-1,2,0.4,1,0,0,0,2,0,0,17,5.9,234,16:42,22,20,0,0,,holdeni01
489,Brett Howden,24,VEG,C,19,1,2,3,1,10,0.0,1,0,0,0,2,0,0,17,5.9,246,12:57,14,28,49,44,52.7,howdebr01
490,Mark Jankowski,28,NSH,C,7,2,1,3,2,2,0.4,2,0,0,1,1,0,0,10,20.0,96,13:42,10,5,51,37,58.0,jankoma01
491,Tyson Jost,24,MIN,C,12,0,3,3,-4,11,-0.1,0,0,0,0,3,0,0,10,0.0,153,12:45,8,11,11,12,47.8,jostty01
492,Mark Kastelic,23,OTT,C,15,2,1,3,-3,18,0.2,2,0,0,1,1,0,0,13,15.4,123,8:13,13,28,76,58,56.7,kastema01
493,Joel Kiviranta,26,DAL,F,18,3,0,3,0,16,0.1,2,0,1,0,0,0,0,23,13.0,225,12:32,8,35,0,4,0.0,kivirjo01
494,Jesperi Kotkaniemi,22,CAR,C,18,1,2,3,2,16,0.0,1,0,0,1,2,0,0,29,3.4,283,15:43,3,19,109,84,56.5,kotkaje01
495,Peyton Krebs,22,BUF,C,16,0,3,3,-4,12,-0.2,0,0,0,0,3,0,0,10,0.0,195,12:11,2,12,23,40,36.5,krebspe01
496,Brett Kulak,29,EDM,D,18,0,3,3,1,8,0.5,0,0,0,0,3,0,0,20,0.0,319,17:43,30,20,0,0,,kulakbr01
497,Adam Larsson,30,SEA,D,18,2,1,3,10,13,1.6,1,0,1,0,1,0,0,28,7.1,426,23:41,39,44,0,0,,larssad01
498,Brendan Lemieux,26,LAK,LW,15,0,3,3,-2,28,0.0,0,0,0,0,3,0,0,15,0.0,142,9:27,7,42,4,3,57.1,lemiebr01
499,Josh Mahura,24,FLA,D,18,2,1,3,7,12,1.1,2,0,0,1,1,0,0,23,8.7,253,14:02,17,17,0,0,,mahurjo01
500,Colin Miller,30,DAL,D,17,1,2,3,10,19,1.2,1,0,0,0,2,0,0,19,5.3,294,17:16,18,23,0,0,,milleco02
501,Ryan Murray,29,EDM,D,12,0,3,3,-4,4,0.1,0,0,0,0,3,0,0,8,0.0,156,13:00,12,11,0,0,,murrary01
502,Philippe Myers,26,TBL,D,10,1,2,3,-1,4,0.4,1,0,0,0,2,0,0,15,6.7,118,11:51,6,30,0,0,,myersph01
503,Liam O'Brien,28,ARI,C,16,1,2,3,-1,25,0.1,1,0,0,0,2,0,0,8,12.5,185,11:33,8,53,1,3,25.0,obrieli01
504,Mathieu Olivier,25,CBJ,F,15,1,2,3,-4,26,-0.1,1,0,0,1,2,0,0,17,5.9,161,10:46,14,31,0,4,0.0,olivima01
505,Ondrej Palat,31,NJD,LW,6,3,0,3,-1,0,0.3,3,0,0,1,0,0,0,8,37.5,112,18:43,4,12,0,2,0.0,palaton01
506,Colton Parayko,29,STL,D,14,0,3,3,-9,2,-0.1,0,0,0,0,2,1,0,26,0.0,330,23:33,24,23,0,0,,parayco01
507,Andrew Peeke,24,CBJ,D,17,2,1,3,-7,10,0.2,2,0,0,1,1,0,0,17,11.8,342,20:08,37,32,0,0,,peekean01
508,Brett Pesce,28,CAR,D,18,0,3,3,7,8,1.3,0,0,0,0,3,0,0,31,0.0,401,22:16,26,10,0,0,,pescebr01
509,Vasily Podkolzin,21,VAN,RW,15,0,3,3,-3,9,-0.2,0,0,0,0,3,0,0,18,0.0,191,12:46,7,20,2,4,33.3,podkova01
510,Jesse Puljujarvi,24,EDM,RW,18,1,2,3,-8,7,-0.4,1,0,0,0,2,0,0,27,3.7,235,13:03,4,44,0,0,,puljuje01
511,Pavol Regenda,23,ANA,F,10,1,2,3,-3,4,0.0,1,0,0,0,2,0,0,14,7.1,118,11:47,11,6,1,1,50.0,regenpa01
512,Filip Roos,24,CHI,D,10,1,2,3,-1,4,0.6,1,0,0,0,2,0,0,13,7.7,172,17:11,9,8,0,0,,roosfi01
513,Derek Ryan,36,EDM,C,17,2,1,3,-2,14,0.1,2,0,0,0,1,0,0,14,14.3,169,9:56,12,11,30,45,40.0,ryande01
514,Brandon Saad,30,STL,LW,11,3,0,3,-2,2,0.2,3,0,0,0,0,0,0,17,17.6,182,16:32,6,7,0,0,,saadbr01
515,Lukas Sedlak,29,TOT,C,17,1,2,3,5,6,0.2,1,0,0,0,2,0,0,25,4.0,191,11:15,17,30,37,51,42.0,sedlalu01
516,Craig Smith,33,BOS,C,10,1,2,3,2,2,0.3,1,0,0,0,1,1,0,13,7.7,105,10:31,3,11,0,1,0.0,smithcr01
517,Ryan Suter,38,DAL,D,18,0,3,3,-4,8,0.1,0,0,0,0,2,1,0,15,0.0,403,22:23,30,26,0,0,,suterry01
518,Sean Walker,28,LAK,D,17,0,3,3,-3,10,0.3,0,0,0,0,3,0,0,19,0.0,248,14:37,21,19,0,0,,walkese01
519,Austin Watson,31,OTT,LW,17,1,2,3,-1,22,0.1,1,0,0,0,2,0,0,13,7.7,151,8:54,10,46,2,1,66.7,watsoau01
520,Chris Wideman,33,MTL,D,11,0,3,3,0,18,0.4,0,0,0,0,1,2,0,16,0.0,177,16:07,11,2,0,0,,widemch01
521,Kailer Yamamoto,24,EDM,RW,13,0,3,3,4,2,0.0,0,0,0,0,3,0,0,15,0.0,214,16:28,5,19,0,0,,yamamka01
522,Artem Zub,27,OTT,D,8,1,2,3,1,4,0.5,1,0,0,0,2,0,0,6,16.7,175,21:52,5,31,0,0,,zubar01
523,Michael Amadio,26,VEG,C,12,1,1,2,-1,4,0.0,1,0,0,0,1,0,0,15,6.7,123,10:13,7,15,11,13,45.8,amadimi01
524,Ethan Bear,25,VAN,D,9,1,1,2,0,2,0.3,1,0,0,0,1,0,0,10,10.0,172,19:10,23,8,0,0,,bearet01
525,Nathan Beaulieu,30,ANA,D,10,0,2,2,-1,28,0.2,0,0,0,0,2,0,0,5,0.0,123,12:17,20,12,0,0,,beaulna01
526,Pierre-Edouard Bellemare,37,TBL,LW,18,0,2,2,-5,7,-0.4,0,0,0,0,2,0,0,6,0.0,213,11:50,16,22,90,87,50.8,bellepi01
527,Jordie Benn,35,TOR,D,4,1,1,2,2,4,0.5,1,0,0,1,1,0,0,8,12.5,73,18:21,11,14,0,0,,bennjo01
528,Tyler Bertuzzi,27,DET,LW,5,1,1,2,0,2,0.1,1,0,0,0,1,0,0,10,10.0,78,15:35,3,6,0,1,0.0,bertuty01
529,Marcus Bjork,25,CBJ,D,4,1,1,2,1,2,0.4,1,0,0,0,1,0,0,5,20.0,73,18:17,6,7,0,0,,bjorkma01
530,Colin Blackwell,29,CHI,C,14,0,2,2,-3,0,-0.1,0,0,0,0,1,0,1,14,0.0,170,12:06,7,20,4,5,44.4,blackco01
531,T.J. Brodie,32,TOR,D,15,0,2,2,0,4,0.6,0,0,0,0,1,0,1,16,0.0,321,21:23,20,17,0,0,,broditj01
532,Brandon Carlo,26,BOS,D,14,0,2,2,10,14,1.1,0,0,0,0,1,0,1,20,0.0,259,18:29,20,30,0,0,,carlobr01
533,Ryan Carpenter,32,NYR,C,16,1,1,2,-3,8,0.0,1,0,0,0,1,0,0,13,7.7,160,10:01,7,27,58,45,56.3,carpery01
534,Brandt Clarke,19,LAK,D,9,0,2,2,-1,6,0.2,0,0,0,0,1,1,0,11,0.0,123,13:39,14,3,0,0,,clarkbr02
535,Calvin de Haan,31,CAR,D,11,1,1,2,-1,4,0.4,1,0,0,0,1,0,0,12,8.3,141,12:46,10,21,0,0,,dehaaca01
536,Dylan DeMelo,29,WPG,D,14,0,2,2,2,4,0.8,0,0,0,0,0,0,2,17,0.0,239,17:05,12,29,0,0,,demeldy01
537,Mackenzie Entwistle,23,CHI,RW,17,0,2,2,-1,4,-0.1,0,0,0,0,1,1,0,12,0.0,211,12:25,7,25,27,18,60.0,entwima01
538,Martin Fehervary,23,WSH,D,20,0,2,2,-3,8,0.4,0,0,0,0,2,0,0,28,0.0,409,20:27,30,69,0,0,,feherma01
539,Derek Grant,32,ANA,C,11,1,1,2,-4,8,-0.1,1,0,0,0,1,0,0,15,6.7,152,13:49,4,11,65,63,50.8,grantde01
540,Jordan Gross,27,NSH,D,3,2,0,2,-2,0,0.3,1,1,0,0,0,0,0,6,33.3,48,15:53,3,0,0,0,,grossjo01
541,David Gustafsson,22,WPG,C,16,0,2,2,1,0,0.0,0,0,0,0,1,0,1,14,0.0,150,9:22,11,8,34,48,41.5,gustada01
542,Robert Hagg,27,DET,D,12,0,2,2,-6,8,-0.1,0,0,0,0,2,0,0,18,0.0,189,15:43,17,33,0,0,,haggro01
543,Justin Holl,31,TOR,D,19,1,1,2,1,12,0.8,1,0,0,1,1,0,0,17,5.9,392,20:37,43,38,0,0,,hollju01
544,Dylan Holloway,21,EDM,C,14,0,2,2,-6,6,-0.2,0,0,0,0,2,0,0,10,0.0,108,7:42,3,27,10,12,45.5,hollody01
545,Patric Hornqvist,36,FLA,RW,15,1,1,2,-5,6,-0.2,1,0,0,1,0,1,0,28,3.6,143,9:30,5,13,1,1,50.0,hornqpa01
546,Jack Johnson,36,CHI,D,17,0,2,2,-7,4,0.2,0,0,0,0,1,0,1,22,0.0,343,20:11,23,21,0,0,,johnsja02
547,Max Jones,24,ANA,LW,17,1,1,2,-6,23,-0.3,1,0,0,0,1,0,0,21,4.8,184,10:50,2,25,2,4,33.3,jonesma03
548,Zachary Jones,22,NYR,D,12,1,1,2,-1,4,0.5,1,0,0,1,1,0,0,14,7.1,195,16:17,11,2,0,0,,jonesza01
549,Martin Kaut,23,COL,RW,13,1,1,2,-1,2,0.0,1,0,0,1,1,0,0,15,6.7,129,9:57,3,5,1,1,50.0,kautma01
550,Jujhar Khaira,28,CHI,LW,14,1,1,2,-2,13,0.0,0,0,1,0,0,1,0,13,7.7,172,12:19,6,26,19,13,59.4,khairju01
551,Johnathan Kovacevic,25,MTL,D,17,0,2,2,4,4,0.7,0,0,0,0,2,0,0,26,0.0,292,17:09,15,19,0,0,,kovacjo01
552,Karson Kuhlman,27,SEA,C,10,1,1,2,3,0,0.2,1,0,0,1,1,0,0,13,7.7,106,10:37,4,6,0,0,,kuhlmka01
553,Tanner Laczynski,25,PHI,C,12,0,2,2,-1,0,0.0,0,0,0,0,2,0,0,6,0.0,118,9:51,0,7,5,7,41.7,laczyta01
554,Jakub Lauko,22,BOS,C,7,1,1,2,0,2,0.2,1,0,0,0,1,0,0,7,14.3,72,10:21,1,14,0,0,,laukoja01
555,Brett Leason,23,ANA,RW,12,1,1,2,-1,2,0.0,1,0,0,0,1,0,0,10,10.0,112,9:18,2,7,0,1,0.0,leasobr01
556,Timothy Liljegren,23,TOR,D,8,2,0,2,3,4,0.8,2,0,0,0,0,0,0,7,28.6,137,17:06,12,16,0,0,,liljeti01
557,Ryan Lindgren,24,NYR,D,17,0,2,2,4,23,1.0,0,0,0,0,2,0,0,22,0.0,300,17:38,34,23,0,0,,lindgry01
558,Saku Maenalanen,28,WPG,RW,16,1,1,2,0,4,0.1,1,0,0,0,1,0,0,17,5.9,175,10:58,7,44,2,0,100.0,maenasa01
559,Beck Malenstyn,24,WSH,LW,5,1,1,2,2,2,0.3,1,0,0,1,1,0,0,4,25.0,43,8:34,2,15,1,0,100.0,malenbe01
560,Pat Maroon,34,TBL,LW,18,0,2,2,-4,40,-0.2,0,0,0,0,2,0,0,12,0.0,160,8:52,2,32,2,2,50.0,maroopa01
561,Alec Martinez,35,VEG,D,19,0,2,2,7,8,1.0,0,0,0,0,2,0,0,15,0.0,373,19:38,88,11,0,0,,martial01
562,Michael McCarron,27,NSH,RW,11,1,1,2,-2,8,0.0,1,0,0,0,1,0,0,16,6.3,110,9:59,11,25,16,16,50.0,mccarmi01
563,Patrik Nemeth,30,ARI,D,11,0,2,2,-1,4,0.5,0,0,0,0,2,0,0,10,0.0,182,16:31,13,14,0,0,,nemetpa01
564,Joshua Norris,23,OTT,C,5,1,1,2,0,2,0.1,1,0,0,0,1,0,0,8,12.5,92,18:21,3,6,33,24,57.9,norrijo01
565,Tyler Pitlick,31,STL,C,11,1,1,2,1,0,0.2,1,0,0,0,1,0,0,7,14.3,109,9:53,7,18,0,0,,pitlity01
566,Robin Salo,24,NYI,D,4,2,0,2,1,4,0.5,2,0,0,0,0,0,0,4,50.0,56,13:56,7,1,0,0,,saloro01
567,Zach Sanford,28,NSH,LW,7,1,1,2,-2,0,0.1,1,0,0,1,1,0,0,8,12.5,84,11:59,4,9,1,0,100.0,sanfoza01
568,Nate Schmidt,31,WPG,D,16,2,0,2,1,0,1.1,1,1,0,0,0,0,0,18,11.1,338,21:07,25,12,0,0,,schmina01
569,Braden Schneider,21,NYR,D,19,0,2,2,0,5,0.6,0,0,0,0,2,0,0,19,0.0,281,14:49,26,24,0,0,,schnebr01
570,Kiefer Sherwood,27,NSH,RW,5,1,1,2,1,11,0.2,1,0,0,0,1,0,0,4,25.0,50,10:02,0,8,1,0,100.0,sherwki01
571,Elmer Soderblom,21,DET,RW,13,2,0,2,-5,6,-0.1,2,0,0,1,0,0,0,20,10.0,168,12:58,8,10,1,1,50.0,soderel01
572,Jack Studnicka,23,TOT,C,8,1,1,2,-1,6,0.1,1,0,0,1,1,0,0,11,9.1,82,10:11,4,7,9,13,40.9,studnja01
573,Jakub Vrana,26,DET,LW,2,1,1,2,1,0,0.3,1,0,0,0,1,0,0,5,20.0,23,11:36,0,2,0,1,0.0,vranaja01
574,Yegor Zamula,22,PHI,D,9,0,2,2,1,0,0.4,0,0,0,0,2,0,0,4,0.0,121,13:27,6,5,0,0,,zamulye01
575,Nikita Alexandrov,22,STL,C,6,0,1,1,1,0,0.0,0,0,0,0,1,0,0,5,0.0,57,9:28,4,8,2,8,20.0,alexani01
576,Gavin Bayreuther,28,CBJ,D,4,0,1,1,-3,0,-0.1,0,0,0,0,1,0,0,4,0.0,65,16:10,7,4,0,0,,bayrega01
577,Simon Benoit,24,ANA,D,14,0,1,1,-4,20,0.0,0,0,0,0,1,0,0,12,0.0,247,17:37,18,37,0,0,,benoisi01
578,Jacob Bernard-Docker,22,OTT,D,6,0,1,1,1,7,0.2,0,0,0,0,1,0,0,6,0.0,106,17:44,6,9,0,0,,bernaja01
579,Teddy Blueger,28,PIT,C,3,0,1,1,0,0,0.0,0,0,0,0,1,0,0,3,0.0,38,12:44,0,3,14,13,51.9,bluegte01
580,Matej Blumel,22,DAL,RW,5,1,0,1,-2,0,0.0,1,0,0,0,0,0,0,7,14.3,54,10:45,2,7,0,0,,blumema01
581,Nick Bonino,34,SJS,C,17,0,1,1,-7,8,-0.5,0,0,0,0,1,0,0,17,0.0,255,14:59,21,5,75,70,51.7,boninni01
582,Guillaume Brisebois,25,VAN,D,3,0,1,1,1,0,0.2,0,0,0,0,1,0,0,3,0.0,51,16:52,4,1,0,0,,brisegu01
583,Kyle Burroughs,27,VAN,D,10,1,0,1,-5,17,-0.1,1,0,0,0,0,0,0,12,8.3,185,18:32,20,32,0,0,,burroky01
584,Sam Carrick,30,ANA,C,3,0,1,1,0,14,0.0,0,0,0,0,1,0,0,2,0.0,24,7:50,1,7,5,3,62.5,carrisa01
585,Erik Cernak,25,TBL,D,14,0,1,1,-4,8,0.0,0,0,0,0,1,0,0,11,0.0,288,20:36,34,43,0,0,,cernaer01
586,Jake Christiansen,23,CBJ,D,4,0,1,1,0,0,0.1,0,0,0,0,1,0,0,6,0.0,74,18:28,6,6,0,0,,chrisja01
587,Nick Cicek,22,SJS,D,3,0,1,1,-3,0,0.0,0,0,0,0,1,0,0,1,0.0,48,16:01,2,3,0,0,,cicekni01
588,Kale Clague,24,BUF,D,7,0,1,1,-2,2,0.0,0,0,0,0,1,0,0,5,0.0,110,15:41,5,8,0,0,,claguka01
589,Kyle Clifford,32,TOR,LW,2,0,1,1,1,2,0.1,0,0,0,0,1,0,0,2,0.0,16,7:55,0,6,0,0,,cliffky01
590,Joseph Cramarossa,30,MIN,C,4,1,0,1,0,4,0.1,1,0,0,0,0,0,0,1,100.0,31,7:48,1,8,0,1,0.0,cramajo01
591,Austin Czarnik,30,DET,C,4,1,0,1,1,0,0.1,1,0,0,0,0,0,0,4,25.0,47,11:50,2,6,0,8,0.0,czarnau01
592,Evgenii Dadonov,33,MTL,RW,14,1,0,1,-5,4,-0.3,1,0,0,0,0,0,0,19,5.3,191,13:40,7,2,1,2,33.3,dadonev01
593,Joel Edmundson,29,MTL,D,8,0,1,1,-3,0,0.0,0,0,0,0,1,0,0,17,0.0,161,20:10,30,13,0,0,,edmunjo01
594,Jake Evans,26,MTL,C,18,0,1,1,-8,7,-0.6,0,0,0,0,1,0,0,20,0.0,249,13:51,15,1,111,94,54.1,evansja02
595,Casey Fitzgerald,25,BUF,D,12,0,1,1,-4,2,-0.1,0,0,0,0,1,0,0,8,0.0,159,13:17,1,18,0,0,,fitzgca01
596,Haydn Fleury,26,TBL,D,11,0,1,1,0,2,0.2,0,0,0,0,1,0,0,13,0.0,135,12:15,9,16,0,0,,fleurha01
597,Callan Foote,24,TBL,D,10,1,0,1,2,2,0.4,1,0,0,0,0,0,0,8,12.5,152,15:11,8,12,0,0,,footeca01
598,Dylan Gambrell,26,OTT,C,4,1,0,1,2,7,0.2,1,0,0,0,0,0,0,5,20.0,38,9:35,1,4,14,12,53.8,gambrdy01
599,Brendan Gaunce,28,CBJ,C,4,0,1,1,-1,2,0.0,0,0,0,0,1,0,0,8,0.0,46,11:23,2,4,32,22,59.3,gauncbr01
600,Alex Goligoski,37,MIN,D,6,1,0,1,-4,0,0.0,1,0,0,1,0,0,0,8,12.5,81,13:27,4,2,0,0,,goligal01
601,Libor Hajek,24,NYR,D,9,1,0,1,0,2,0.4,1,0,0,0,0,0,0,9,11.1,122,13:35,6,12,0,0,,hajekli01
602,Scott Harrington,29,SJS,D,2,0,1,1,1,0,0.2,0,0,0,0,1,0,0,2,0.0,32,15:48,2,3,0,0,,harrisc01
603,Aleksi Heponiemi,24,FLA,C,2,0,1,1,1,0,0.1,0,0,0,0,1,0,0,1,0.0,21,10:29,1,0,1,0,100.0,heponal01
604,Pontus Holmberg,23,TOR,RW,4,0,1,1,0,0,0.0,0,0,0,0,1,0,0,3,0.0,38,9:30,1,3,9,18,33.3,holmbpo01
605,Alexander Holtz,21,NJD,RW,4,1,0,1,-2,2,0.0,0,1,0,0,0,0,0,6,16.7,42,10:35,1,2,0,0,,holtzal01
606,Dryden Hunt,27,TOT,LW,15,1,0,1,-2,8,-0.1,1,0,0,0,0,0,0,13,7.7,121,8:05,2,39,1,1,50.0,huntdr01
607,Mattias Janmark,30,EDM,C,4,0,1,1,1,2,0.0,0,0,0,0,1,0,0,4,0.0,55,13:51,3,2,2,0,100.0,janmama02
608,Reese Johnson,24,CHI,F,11,1,0,1,-1,2,0.0,1,0,0,0,0,0,0,11,9.1,120,10:56,3,27,16,11,59.3,johnsre01
609,Ross Johnston,28,NYI,LW,4,0,1,1,-1,9,0.0,0,0,0,0,1,0,0,2,0.0,34,8:31,1,8,1,0,100.0,johnsro02
610,Henri Jokiharju,23,BUF,D,7,0,1,1,0,6,0.2,0,0,0,0,1,0,0,5,0.0,121,17:18,8,6,0,0,,jokihhe01
611,Axel Jonsson Fjällby,24,WPG,LW,14,1,0,1,0,2,0.0,1,0,0,1,0,0,0,18,5.6,152,10:50,4,14,1,1,50.0,jonssax01
612,Zack Kassian,32,ARI,RW,8,1,0,1,-5,13,-0.1,1,0,0,0,0,0,0,8,12.5,89,11:10,1,13,0,2,0.0,kassiza01
613,Parker Kelly,23,OTT,F,16,0,1,1,-1,18,-0.2,0,0,0,0,1,0,0,9,0.0,129,8:05,3,33,2,3,40.0,kellypa01
614,Cole Koepke,24,TBL,LW,15,1,0,1,-4,0,-0.2,1,0,0,0,0,0,0,11,9.1,137,9:09,5,30,0,0,,koepkco01
615,Vitali Kravtsov,23,NYR,RW,6,0,1,1,2,2,0.1,0,0,0,0,1,0,0,3,0.0,52,8:45,2,5,0,2,0.0,kravtvi01
616,Jeremy Lauzon,25,NSH,D,14,0,1,1,-3,26,0.1,0,0,0,0,1,0,0,9,0.0,230,16:25,19,50,0,0,,lauzoje01
617,Curtis Lazar,27,VAN,C,8,1,0,1,3,2,0.1,1,0,0,0,0,0,0,6,16.7,94,11:43,8,24,10,14,41.7,lazarcu01
618,Gustav Lindstrom,24,DET,D,13,0,1,1,-5,6,-0.1,0,0,0,0,1,0,0,9,0.0,183,14:05,12,19,0,0,,lindsgu01
619,William Lockwood,24,VAN,RW,1,0,1,1,1,0,0.1,0,0,0,0,1,0,0,1,0.0,10,10:18,2,2,0,0,,lockwwi01
620,Matt Luff,25,DET,RW,7,1,0,1,-1,0,0.0,1,0,0,0,0,0,0,5,20.0,59,8:26,3,7,0,1,0.0,luffma01
621,Ilya Lyubushkin,28,BUF,D,13,0,1,1,-1,14,0.2,0,0,0,0,1,0,0,8,0.0,200,15:21,19,26,0,0,,lyubuil01
622,Kurtis MacDermid,28,COL,D,8,0,1,1,-1,14,0.1,0,0,0,0,1,0,0,3,0.0,63,7:49,1,22,0,0,,macdeku01
623,Jacob MacDonald,29,COL,D,9,0,1,1,3,0,0.4,0,0,0,0,1,0,0,13,0.0,101,11:11,6,12,0,0,,macdoja02
624,Connor Mackey,26,CGY,D,5,0,1,1,-4,4,-0.1,0,0,0,0,1,0,0,4,0.0,53,10:30,4,6,0,0,,mackeco01
625,Mike Matheson,28,MTL,D,1,1,0,1,0,4,0.2,1,0,0,0,0,0,0,3,33.3,24,23:57,2,1,0,0,,mathemi01
626,Jonathon Merrill,30,MIN,D,14,0,1,1,-3,2,0.2,0,0,0,0,1,0,0,10,0.0,234,16:41,21,12,0,0,,merrijo01
627,Victor Mete,24,TOR,D,5,0,1,1,3,2,0.4,0,0,0,0,1,0,0,2,0.0,66,13:16,6,1,0,0,,metevi01
628,Ben Meyers,24,COL,F,3,1,0,1,1,0,0.2,1,0,0,0,0,0,0,2,50.0,24,7:53,0,3,0,1,0.0,meyerbe01
629,Niko Mikkola,26,STL,D,16,0,1,1,6,15,0.8,0,0,0,0,1,0,0,10,0.0,257,16:05,35,30,0,0,,mikkoni01
630,Connor Murphy,29,CHI,D,17,1,0,1,3,12,0.9,0,0,1,0,0,0,0,15,6.7,343,20:11,39,39,0,0,,murphco02
631,Jake Muzzin,33,TOR,D,4,0,1,1,0,2,0.2,0,0,0,0,1,0,0,8,0.0,67,16:43,10,11,0,0,,muzzija01
632,Jake Neighbours,20,STL,LW,11,1,0,1,-9,4,-0.3,1,0,0,0,0,0,0,12,8.3,136,12:20,2,11,2,3,40.0,neighja01
633,Lawrence Pilut,27,BUF,D,11,0,1,1,-2,0,0.1,0,0,0,0,1,0,0,11,0.0,150,13:41,14,4,0,0,,pilutla01
634,Tucker Poolman,29,VAN,D,3,0,1,1,1,0,0.2,0,0,0,0,1,0,0,3,0.0,42,13:58,2,2,0,0,,poolmtu01
635,Samuel Poulin,21,PIT,RW,3,0,1,1,-3,2,-0.1,0,0,0,0,0,1,0,2,0.0,30,9:58,1,3,8,9,47.1,poulisa01
636,Jack Rathbone,23,VAN,D,6,0,1,1,-3,0,-0.1,0,0,0,0,1,0,0,7,0.0,93,15:25,3,1,0,0,,rathbja01
637,Mike Reilly,29,BOS,D,10,0,1,1,0,2,0.2,0,0,0,0,1,0,0,12,0.0,167,16:44,10,21,0,0,,reillmi01
638,Kevin Rooney,29,CGY,C,13,0,1,1,-1,7,-0.1,0,0,0,0,1,0,0,11,0.0,113,8:41,10,18,35,44,44.3,rooneke01
639,Marco Rossi,21,MIN,C,16,0,1,1,-4,6,-0.3,0,0,0,0,1,0,0,11,0.0,199,12:26,7,4,56,67,45.5,rossima01
640,Chad Ruhwedel,32,PIT,D,6,0,1,1,0,4,0.1,0,0,0,0,1,0,0,2,0.0,80,13:17,7,10,0,0,,ruhwech01
641,Dylan Samberg,24,WPG,D,10,0,1,1,-1,2,0.3,0,0,0,0,1,0,0,9,0.0,147,14:41,22,13,0,0,,sambedy01
642,Devin Shore,28,EDM,C,16,0,1,1,1,0,-0.1,0,0,0,0,1,0,0,10,0.0,123,7:42,8,21,23,16,59.0,shorede01
643,Radim Simek,30,SJS,D,17,1,0,1,-8,8,0.0,1,0,0,0,0,0,0,19,5.3,250,14:43,27,28,0,0,,simekra01
644,Wayne Simmonds,34,TOR,RW,4,0,1,1,0,2,0.0,0,0,0,0,1,0,0,3,0.0,30,7:29,3,10,0,0,,simmowa01
645,Brendan Smith,33,NJD,D,18,0,1,1,0,23,0.2,0,0,0,0,1,0,0,16,0.0,239,13:17,13,34,0,0,,smithbr05
646,Joe Snively,27,WSH,F,5,0,1,1,-1,0,0.0,0,0,0,0,1,0,0,9,0.0,60,11:56,2,2,1,0,100.0,snivejo01
647,Marc Staal,36,FLA,D,18,0,1,1,-7,4,-0.3,0,0,0,0,1,0,0,16,0.0,315,17:30,19,31,0,0,,staalma01
648,Troy Stecher,28,ARI,D,16,0,1,1,-7,10,0.1,0,0,0,0,1,0,0,19,0.0,283,17:42,18,17,0,0,,stechtr01
649,Derek Stepan,32,CAR,C,17,0,1,1,1,2,-0.1,0,0,0,0,1,0,0,31,0.0,162,9:33,6,8,68,59,53.5,stepade01
650,Chris Tanev,33,CGY,D,12,0,1,1,-3,2,0.1,0,0,0,0,1,0,0,12,0.0,240,19:58,30,11,0,0,,tanevch01
651,Alexey Toropchenko,23,STL,RW,12,1,0,1,-2,6,-0.1,1,0,0,0,0,0,0,16,6.3,130,10:51,2,32,0,0,,toropal01
652,Jake Walman,26,DET,D,3,1,0,1,4,0,0.5,1,0,0,0,0,0,0,4,25.0,43,14:26,4,4,0,0,,walmaja01
653,Shane Wright,19,SEA,C,7,0,1,1,4,2,0.1,0,0,0,0,1,0,0,1,0.0,57,8:06,5,1,7,16,30.4,wrighsh01
654,Nikita Zaitsev,31,OTT,D,7,0,1,1,-3,6,-0.1,0,0,0,0,1,0,0,2,0.0,107,15:14,10,18,0,0,,zaitsni01
655,Jakub Zboril,25,BOS,D,12,1,0,1,0,2,0.3,1,0,0,1,0,0,0,8,12.5,169,14:06,11,12,0,0,,zborija01
656,Alexander Alexeyev,23,WSH,D,1,0,0,0,-1,0,-0.1,0,0,0,0,0,0,0,1,0.0,12,11:48,0,1,0,0,,alexeal01
657,Jaret Anderson-Dolan,23,LAK,C,6,0,0,0,-1,0,-0.1,0,0,0,0,0,0,0,7,0.0,57,9:31,4,6,7,6,53.8,anderja01
658,Joel Armia,29,MTL,RW,7,0,0,0,-3,2,-0.3,0,0,0,0,0,0,0,13,0.0,103,14:39,3,2,1,2,33.3,armiajo01
659,Nicolas Aube-Kubel,26,TOT,RW,10,0,0,0,-1,9,-0.2,0,0,0,0,0,0,0,4,0.0,90,8:57,1,28,1,1,50.0,aubekni01
660,Kevin Bahl,22,NJD,D,3,0,0,0,0,2,0.0,0,0,0,0,0,0,0,3,0.0,31,10:27,6,3,0,0,,bahlke01
661,Adam Beckman,21,MIN,LW,4,0,0,0,-1,0,-0.1,0,0,0,0,0,0,0,6,0.0,38,9:33,1,2,0,0,,beckmad01
662,Kieffer Bellows,24,TOT,LW,7,0,0,0,-3,4,-0.2,0,0,0,0,0,0,0,5,0.0,75,10:40,2,17,1,4,20.0,belloki01
663,Anders Bjork,26,BUF,LW,1,0,0,0,0,0,0.0,0,0,0,0,0,0,0,1,0.0,10,9:38,0,0,0,0,,bjorkan01
664,Anton Blidh,27,COL,LW,3,0,0,0,0,2,0.0,0,0,0,0,0,0,0,1,0.0,18,6:03,1,7,0,0,,blidhan01
665,Zach Bogosian,32,TBL,D,1,0,0,0,0,2,0.0,0,0,0,0,0,0,0,3,0.0,16,15:58,0,7,0,0,,bogosza01
666,Adam Boqvist,22,CBJ,D,4,0,0,0,-1,0,0.0,0,0,0,0,0,0,0,3,0.0,64,15:56,4,2,0,0,,boqviad01
667,Mark Borowiecki,33,NSH,D,4,0,0,0,0,12,0.0,0,0,0,0,0,0,0,1,0.0,40,9:56,1,5,0,0,,borowma01
668,Robert Bortuzzo,33,STL,D,10,0,0,0,0,9,0.1,0,0,0,0,0,0,0,5,0.0,121,12:03,6,11,0,0,,borturo01
669,Shane Bowers,23,COL,C,1,0,0,0,0,0,0.0,0,0,0,0,0,0,0,1,0.0,2,1:46,0,0,0,2,0.0,bowersh01
670,Justin Braun,35,PHI,D,17,0,0,0,0,9,0.3,0,0,0,0,0,0,0,16,0.0,291,17:09,19,16,0,0,,braunju01
671,Connor Brown,29,WSH,RW,4,0,0,0,-3,0,-0.2,0,0,0,0,0,0,0,2,0.0,67,16:46,1,6,2,3,40.0,brownco02
672,Logan Brown,24,STL,C,5,0,0,0,-2,0,-0.1,0,0,0,0,0,0,0,5,0.0,46,9:15,2,5,4,14,22.2,brownlo01
673,Patrick Brown,30,PHI,C,2,0,0,0,-2,0,-0.1,0,0,0,0,0,0,0,2,0.0,29,14:26,4,8,6,8,42.9,brownpa02
674,Drake Caggiula,28,PIT,LW,3,0,0,0,-1,0,-0.1,0,0,0,0,0,0,0,2,0.0,22,7:28,1,5,0,1,0.0,caggidr01
675,Kyle Capobianco,25,WPG,D,3,0,0,0,0,0,0.1,0,0,0,0,0,0,0,1,0.0,38,12:48,1,6,0,0,,capobky01
676,Lucas Carlsson,25,FLA,D,2,0,0,0,-1,2,-0.1,0,0,0,0,0,0,0,2,0.0,20,10:06,1,3,0,0,,carlslu01
677,Alexandre Carrier,26,NSH,D,16,0,0,0,-3,6,0.1,0,0,0,0,0,0,0,18,0.0,286,17:54,19,24,0,0,,carrial01
678,Jackson Cates,25,PHI,C,3,0,0,0,0,0,0.0,0,0,0,0,0,0,0,3,0.0,25,8:22,1,2,9,9,50.0,catesja01
679,Jalen Chatfield,26,CAR,D,18,0,0,0,-2,15,0.2,0,0,0,0,0,0,0,23,0.0,239,13:15,14,26,0,0,,chatfja01
680,Dylan Coghlan,24,CAR,D,6,0,0,0,-1,2,0.0,0,0,0,0,0,0,0,10,0.0,85,14:08,3,7,0,0,,coghldy01
681,Laurent Dauphin,27,ARI,C,1,0,0,0,0,0,0.0,0,0,0,0,0,0,0,1,0.0,8,8:28,0,0,4,1,80.0,dauphla01
682,Nick DeSimone,28,CGY,D,4,0,0,0,-4,2,-0.2,0,0,0,0,0,0,0,4,0.0,45,11:15,4,2,0,0,,desimni01
683,Jack Drury,22,CAR,C,6,0,0,0,0,4,-0.1,0,0,0,0,0,0,0,8,0.0,62,10:16,2,2,21,10,67.7,druryja01
684,Jamie Drysdale,20,ANA,D,8,0,0,0,-3,2,-0.1,0,0,0,0,0,0,0,8,0.0,141,17:37,6,7,0,0,,drysdja01
685,Andreas Englund,27,COL,D,3,0,0,0,-1,0,0.0,0,0,0,0,0,0,0,1,0.0,33,10:57,3,8,0,0,,engluan01
686,Michael Eyssimont,26,WPG,C,3,0,0,0,0,0,0.0,0,0,0,0,0,0,0,3,0.0,20,6:32,2,5,0,0,,eyssimi01
687,Cale Fleury,24,SEA,D,3,0,0,0,1,0,0.1,0,0,0,0,0,0,0,4,0.0,41,13:33,4,8,0,0,,fleurca01
688,Steven Fogarty,29,MIN,C,2,0,0,0,0,0,0.0,0,0,0,0,0,0,0,0,,21,10:19,0,3,2,2,50.0,fogarst01
689,Gabriel Fortier,22,TBL,LW,1,0,0,0,0,0,0.0,0,0,0,0,0,0,0,0,,8,8:25,0,1,0,0,,fortiga01
690,Jonah Gadjovich,24,SJS,LW,8,0,0,0,-2,18,-0.2,0,0,0,0,0,0,0,7,0.0,73,9:08,0,19,1,3,25.0,gadjojo01
691,Glenn Gawdin,25,ANA,C,3,0,0,0,-1,0,-0.1,0,0,0,0,0,0,0,3,0.0,29,9:36,3,4,8,14,36.4,gawdigl01
692,Dennis Gilbert,26,CGY,D,4,0,0,0,-2,10,-0.1,0,0,0,0,0,0,0,4,0.0,42,10:26,1,10,0,0,,gilbede01
693,Jordan Greenway,25,MIN,LW,2,0,0,0,-2,0,-0.1,0,0,0,0,0,0,0,0,,18,8:48,2,5,0,0,,greenjo02
694,Noah Gregor,24,SJS,C,6,0,0,0,-3,5,-0.2,0,0,0,0,0,0,0,7,0.0,65,10:51,4,5,0,1,0.0,gregono01
695,Filip Hallander,22,PIT,C,2,0,0,0,0,0,0.0,0,0,0,0,0,0,0,0,,20,9:58,3,1,0,0,,hallafi01
696,Joel Hanley,31,DAL,D,5,0,0,0,3,6,0.2,0,0,0,0,0,0,0,4,0.0,50,10:04,5,3,0,0,,hanlejo01
697,Jansen Harkins,25,WPG,C,3,0,0,0,1,2,0.0,0,0,0,0,0,0,0,3,0.0,28,9:21,0,0,0,1,0.0,harkija01
698,Hayden Hodgson,26,PHI,RW,1,0,0,0,0,0,0.0,0,0,0,0,0,0,0,0,,5,4:46,0,0,0,0,,hodgsha01
699,Ben Hutton,29,VEG,D,1,0,0,0,-1,0,-0.1,0,0,0,0,0,0,0,1,0.0,11,11:02,0,0,0,0,,huttobe01
700,Matt Irwin,35,WSH,D,11,0,0,0,1,10,0.2,0,0,0,0,0,0,0,15,0.0,133,12:07,12,35,0,0,,irwinma01
701,David Jiricek,19,CBJ,D,2,0,0,0,-4,2,-0.3,0,0,0,0,0,0,0,4,0.0,31,15:31,4,5,0,0,,jiricda01
702,Lucas Johansen,25,WSH,D,1,0,0,0,0,0,0.0,0,0,0,0,0,0,0,1,0.0,12,11:47,1,0,0,0,,johanlu01
703,Noah Juulsen,25,VAN,D,2,0,0,0,-1,0,-0.1,0,0,0,0,0,0,0,1,0.0,22,11:04,3,4,0,0,,juulsno01
704,Ondrej Kase,27,CAR,RW,1,0,0,0,0,0,0.0,0,0,0,0,0,0,0,0,,11,11:02,0,1,0,1,0.0,kaseon01
705,Boris Katchouk,24,CHI,LW,9,0,0,0,-1,6,-0.2,0,0,0,0,0,0,0,8,0.0,87,9:39,1,20,0,1,0.0,katchbo01
706,Matt Kiersted,24,FLA,D,10,0,0,0,1,4,0.1,0,0,0,0,0,0,0,9,0.0,106,10:35,2,10,0,0,,kiersma01
707,Klim Kostin,23,EDM,C,3,0,0,0,0,0,-0.1,0,0,0,0,0,0,0,7,0.0,29,9:44,1,11,0,1,0.0,kostikl01
708,Filip Kral,23,TOR,D,2,0,0,0,0,2,0.0,0,0,0,0,0,0,0,1,0.0,20,9:58,1,2,0,0,,kralfi01
709,Maxime Lajoie,25,CAR,D,1,0,0,0,0,0,0.0,0,0,0,0,0,0,0,1,0.0,14,13:51,0,0,0,0,,lajoima01
710,Jacob Larsson,25,OTT,D,2,0,0,0,0,4,0.0,0,0,0,0,0,0,0,2,0.0,24,11:49,1,2,0,0,,larssja01
711,Jake Leschyshyn,23,VEG,C,2,0,0,0,0,2,0.0,0,0,0,0,0,0,0,2,0.0,22,11:09,0,7,10,5,66.7,leschja01
712,Olle Lycksell,23,PHI,RW,1,0,0,0,0,2,0.0,0,0,0,0,0,0,0,0,,9,9:02,0,0,0,0,,lycksol01
713,Brad Malone,33,EDM,C,2,0,0,0,-1,2,-0.1,0,0,0,0,0,0,0,0,,10,4:56,0,4,1,0,100.0,malonbr01
714,Mikhail Maltsev,24,COL,LW,5,0,0,0,0,0,-0.1,0,0,0,0,0,0,0,4,0.0,33,6:36,2,4,14,13,51.9,maltsmi01
715,Dysin Mayo,26,ARI,D,12,0,0,0,-7,6,-0.2,0,0,0,0,0,0,0,6,0.0,138,11:30,15,25,0,0,,mayody01
716,Connor McMichael,22,WSH,C,6,0,0,0,0,5,-0.1,0,0,0,0,0,0,0,2,0.0,53,8:52,3,2,2,1,66.7,mcmicco01
717,Jayson Megna,32,COL,C,7,0,0,0,-1,0,-0.1,0,0,0,0,0,0,0,1,0.0,43,6:07,2,11,19,17,52.8,megnaja01
718,Ian Mitchell,24,CHI,D,1,0,0,0,-2,0,-0.1,0,0,0,0,0,0,0,0,,16,16:25,1,0,0,0,,mitchia01
719,Jacob Moverare,24,LAK,D,1,0,0,0,-1,0,-0.1,0,0,0,0,0,0,0,5,0.0,14,13:45,0,2,0,0,,moverja01
720,Markus Niemeläinen,24,EDM,D,13,0,0,0,1,4,0.1,0,0,0,0,0,0,0,7,0.0,129,9:58,8,41,0,0,,niemema01
721,Drew O'Connor,24,PIT,F,3,0,0,0,-1,0,-0.1,0,0,0,0,0,0,0,4,0.0,26,8:32,1,8,9,9,50.0,oconndr01
722,Jordan Oesterle,30,DET,D,8,0,0,0,7,2,0.6,0,0,0,0,0,0,0,8,0.0,114,14:17,9,7,0,0,,oestejo01
723,Gustav Olofsson,28,SEA,D,1,0,0,0,1,0,0.1,0,0,0,0,0,0,0,2,0.0,10,10:14,0,0,0,0,,olofsgu01
724,Nic Petan,27,MIN,C,1,0,0,0,0,0,0.0,0,0,0,0,0,0,0,1,0.0,14,14:02,2,0,0,0,,petanni01
725,Jacob Peterson,23,DAL,C,1,0,0,0,-2,0,-0.1,0,0,0,0,0,0,0,1,0.0,12,12:19,1,0,0,0,,peterja01
726,Michael Pezzetta,24,MTL,C,5,0,0,0,-3,0,-0.2,0,0,0,0,0,0,0,6,0.0,46,9:15,0,12,2,2,50.0,pezzemi01
727,Rem Pitlick,25,MTL,C,7,0,0,0,-2,8,-0.2,0,0,0,0,0,0,0,3,0.0,89,12:39,3,2,4,5,44.4,pitlire01
728,Sampo Ranta,22,COL,LW,3,0,0,0,0,2,0.0,0,0,0,0,0,0,0,4,0.0,17,5:42,1,1,0,1,0.0,rantasa01
729,Ryan Reaves,36,NYR,RW,12,0,0,0,-5,12,-0.3,0,0,0,0,0,0,0,3,0.0,101,8:27,4,44,2,4,33.3,reavery01
730,Alec Regula,22,CHI,D,4,0,0,0,-3,4,-0.1,0,0,0,0,0,0,0,2,0.0,66,16:36,8,4,0,0,,regulal01
731,Dan Renouf,28,BOS,D,1,0,0,0,-3,0,-0.2,0,0,0,0,0,0,0,5,0.0,12,11:34,2,1,0,0,,renouda01
732,Rasmus Ristolainen,28,PHI,D,11,0,0,0,-2,6,0.1,0,0,0,0,0,0,0,10,0.0,179,16:15,17,24,0,0,,ristora01
733,Buddy Robinson,31,CHI,RW,1,0,0,0,-1,0,-0.1,0,0,0,0,0,0,0,0,,11,11:03,0,3,0,0,,robinbu01
734,Mattias Samuelsson,22,BUF,D,5,0,0,0,6,2,0.5,0,0,0,0,0,0,0,7,0.0,98,19:36,11,11,0,0,,samuema02
735,Nick Schmaltz,26,ARI,C,1,0,0,0,-1,0,0.0,0,0,0,0,0,0,0,0,,2,2:26,0,0,0,0,,schmani01
736,Riley Sheahan,31,BUF,C,2,0,0,0,-2,4,-0.1,0,0,0,0,0,0,0,0,,17,8:19,1,0,7,3,70.0,sheahri01
737,Givani Smith,24,DET,RW,2,0,0,0,-3,0,-0.1,0,0,0,0,0,0,0,3,0.0,20,9:57,1,4,0,0,,smithgi01
738,Nikita Soshnikov,29,NYI,RW,3,0,0,0,-2,0,-0.1,0,0,0,0,0,0,0,4,0.0,30,9:56,0,8,0,1,0.0,soshnni01
739,Eric Staal,38,FLA,C,11,0,0,0,-5,2,-0.4,0,0,0,0,0,0,0,11,0.0,123,11:09,9,5,57,60,48.7,staaler01
740,Logan Stanley,24,WPG,D,5,0,0,0,0,6,0.1,0,0,0,0,0,0,0,3,0.0,74,14:48,6,15,0,0,,stanllo01
741,Riley Stillman,24,VAN,D,10,0,0,0,-6,12,-0.4,0,0,0,0,0,0,0,10,0.0,142,14:10,9,16,0,0,,stillri01
742,Anton Stralman,36,BOS,D,6,0,0,0,-3,2,-0.1,0,0,0,0,0,0,0,3,0.0,104,17:20,10,10,0,0,,stralan01
743,Austin Strand,25,ANA,D,4,0,0,0,-2,2,-0.1,0,0,0,0,0,0,0,5,0.0,50,12:36,3,4,0,0,,stranau01
744,Conor Timmins,24,ARI,D,2,0,0,0,-2,0,-0.1,0,0,0,0,0,0,0,3,0.0,17,8:34,0,0,0,0,,timmico01
745,Dominic Toninato,28,WPG,C,3,0,0,0,-1,0,-0.1,0,0,0,0,0,0,0,2,0.0,17,5:44,0,4,0,1,0.0,tonindo01
746,Tyler Tucker,22,STL,D,3,0,0,0,0,5,0.0,0,0,0,0,0,0,0,4,0.0,40,13:20,5,8,0,0,,tuckety01
747,Nathan Walker,28,STL,C,8,0,0,0,0,4,-0.1,0,0,0,0,0,0,0,6,0.0,85,10:38,11,14,0,1,0.0,walkena01
748,Colton White,25,ANA,D,7,0,0,0,-2,2,-0.1,0,0,0,0,0,0,0,7,0.0,80,11:28,2,2,0,0,,whiteco03
749,Maxwell Willman,27,PHI,C,3,0,0,0,-1,2,-0.1,0,0,0,0,0,0,0,3,0.0,31,10:23,2,7,0,0,,willmma01
750,Filip Zadina,23,DET,RW,9,0,0,0,-3,4,-0.3,0,0,0,0,0,0,0,12,0.0,126,13:57,5,9,0,2,0.0,zadinfi01